-- phpMyAdmin SQL Dump
-- version 4.7.7
-- https://www.phpmyadmin.net/
--
-- Host: 127.0.0.1
-- Waktu pembuatan: 01 Jul 2019 pada 15.46
-- Versi server: 5.6.21
-- Versi PHP: 7.1.7

SET SQL_MODE = "NO_AUTO_VALUE_ON_ZERO";
SET AUTOCOMMIT = 0;
START TRANSACTION;
SET time_zone = "+00:00";


/*!40101 SET @OLD_CHARACTER_SET_CLIENT=@@CHARACTER_SET_CLIENT */;
/*!40101 SET @OLD_CHARACTER_SET_RESULTS=@@CHARACTER_SET_RESULTS */;
/*!40101 SET @OLD_COLLATION_CONNECTION=@@COLLATION_CONNECTION */;
/*!40101 SET NAMES utf8mb4 */;

--
-- Database: `tvkabel`
--

-- --------------------------------------------------------

--
-- Struktur dari tabel `tbl_user`
--

CREATE TABLE `tbl_user` (
  `id` int(11) NOT NULL,
  `username` varchar(30) NOT NULL,
  `password` text NOT NULL,
  `level` enum('operator') NOT NULL
) ENGINE=InnoDB DEFAULT CHARSET=latin1;

--
-- Dumping data untuk tabel `tbl_user`
--

INSERT INTO `tbl_user` (`id`, `username`, `password`, `level`) VALUES
(1, 'admin', 'd033e22ae348aeb5660fc2140aec35850c4da997', 'operator');

-- --------------------------------------------------------

--
-- Struktur dari tabel `tmst_daerah`
--

CREATE TABLE `tmst_daerah` (
  `kode_daerah` varchar(10) NOT NULL,
  `nama_daerah` varchar(100) NOT NULL
) ENGINE=InnoDB DEFAULT CHARSET=latin1;

--
-- Dumping data untuk tabel `tmst_daerah`
--

INSERT INTO `tmst_daerah` (`kode_daerah`, `nama_daerah`) VALUES
('KD A', 'Perum Bumi Air Raja'),
('KD A 1', 'Sekitar Perum BAR'),
('KD B', 'Perum Senggarang Permai'),
('KD B 1', 'Perum Senggarang Permai Baru'),
('KD C', 'Jl. Tg. Uban Komp. Perum 16'),
('KD D', 'Perum Kenangan Jaya'),
('KD E', 'Kp. Bawean Sop Jenggot'),
('KD F', 'Perum Puri Kencana'),
('KD G', 'Kp. Simpangan KM 16'),
('KD G 1', 'Perum Korem'),
('KD G 2', 'Perum Puri Amanah'),
('KD H', 'Jl. Ganet TPA PLTD'),
('KD H 1', 'Perum Air Raja Residence'),
('KD H 2', 'Perum Puri Surya Mas'),
('KD I', 'Perum Green Pesona Mutiara'),
('KD J', 'Kp. Air Bukit');

-- --------------------------------------------------------

--
-- Struktur dari tabel `tmst_kolektor`
--

CREATE TABLE `tmst_kolektor` (
  `id_kolektor` varchar(11) NOT NULL,
  `kolektor` varchar(25) NOT NULL
) ENGINE=InnoDB DEFAULT CHARSET=latin1;

--
-- Dumping data untuk tabel `tmst_kolektor`
--

INSERT INTO `tmst_kolektor` (`id_kolektor`, `kolektor`) VALUES
('K 1', 'K 1'),
('K 1 / RK', 'K 1 / RK'),
('K 2', 'K 2'),
('K 2 / RK', 'K 2 / RK');

-- --------------------------------------------------------

--
-- Struktur dari tabel `tmst_marketing`
--

CREATE TABLE `tmst_marketing` (
  `id_marketing` int(11) NOT NULL,
  `marketing` varchar(30) NOT NULL
) ENGINE=InnoDB DEFAULT CHARSET=latin1;

--
-- Dumping data untuk tabel `tmst_marketing`
--

INSERT INTO `tmst_marketing` (`id_marketing`, `marketing`) VALUES
(4, 'BONDAN CHORISM');

-- --------------------------------------------------------

--
-- Struktur dari tabel `tmst_pelanggan`
--

CREATE TABLE `tmst_pelanggan` (
  `no_registrasi` varchar(11) NOT NULL,
  `no_ktp` varchar(30) NOT NULL,
  `nama_lengkap` varchar(50) NOT NULL,
  `alamat` text NOT NULL,
  `alamat2` text,
  `kode_daerah` varchar(10) NOT NULL,
  `no_hp` varchar(14) DEFAULT NULL,
  `id_kolektor` varchar(11) NOT NULL,
  `status` varchar(30) NOT NULL,
  `jenis_pelanggan` int(11) NOT NULL
) ENGINE=InnoDB DEFAULT CHARSET=latin1;

--
-- Dumping data untuk tabel `tmst_pelanggan`
--

INSERT INTO `tmst_pelanggan` (`no_registrasi`, `no_ktp`, `nama_lengkap`, `alamat`, `alamat2`, `kode_daerah`, `no_hp`, `id_kolektor`, `status`, `jenis_pelanggan`) VALUES
('PV000001', '-', 'Sabar / Bude Rendi', 'Perum Bumi Air Raja Blok B No. 124', '', 'KD A', '', 'K 1', 'AKTIF', 1),
('PV000002', '-', 'Siman/mamak Cristiano', 'Perum Bumi Air Raja Blok F No. 269', '', 'KD A', '', 'K 1', 'Putus Sementara', 1),
('PV000003', '-', 'Irzal / Ica', 'Perum Bumi Air Raja Blok C No. 52', '', 'KD A', '', 'K 1', 'Aktif', 1),
('PV000004', '-', 'Yuliardi', 'Perum Bumi Air Raja Blok B No. 112', '', 'KD A', '', 'K 1', 'Aktif', 1),
('PV000005', '-', 'Abet Nego', 'Perum Bumi Air Raja Blok A No. 139', '', 'KD A', '', 'K 1', 'Putus', 1),
('PV000006', '-', 'Arnandi Yufriandi', 'Perum Bumi Air Raja Blok C No. 297', '', 'KD A', '', 'K 1', 'Aktif', 1),
('PV000007', '-', 'Suhardiman', 'Perum Bumi Air Raja Blok B No. 33', '', 'KD A', '', 'K 1', 'Putus', 1),
('PV000008', '-', 'Romualdus Abas Meno', 'Perum Bumi Air Raja Blok A No. 140', '', 'KD A', '', 'K 1', 'Putus', 1),
('PV000009', '-', 'Refi Lusiana', 'Perum Bumi Air Raja Blok C No. 109', '', 'KD A', '', 'K 1', 'Aktif', 1),
('PV000010', '-', 'Radinal', 'Perum Bumi Air Raja Blok A No. 151', '', 'KD A', '', 'K 1', 'Putus', 1),
('PV000011', '-', 'Misady', 'Perum Bumi Air Raja Blok A No. 156', '', 'KD A', '', 'K 1', 'Aktif', 1),
('PV000012', '-', 'Taryono', 'Perum Bumi Air Raja Blok A No. 162', '', 'KD A', '', 'K 1', 'Aktif', 1),
('PV000013', '-', 'Komser P Pasaribu', 'Perum Bumi Air Raja Blok A No. 157', '', 'KD A', '', 'K 1', 'Aktif', 1),
('PV000014', '-', 'M. Firdaus', 'Perum Bumi Air Raja Blok B No. 101', '', 'KD A', '', 'K 1', 'Aktif', 1),
('PV000015', '-', 'Suwedi       ', 'Perum Bumi Air Raja Blok B No. 119', '', 'KD A', '', 'K 1', 'Putus', 1),
('PV000016', '-', 'M. Syafnur', 'Perum Bumi Air Raja Blok B No. 117', '', 'KD A', '', 'K 1', 'Aktif', 1),
('PV000017', '-', 'Sri Astuti', 'Perum Kenangan Jaya IV Blok A No. 19 Hp. 081378392916', '', 'KD D', '', 'K 1', 'Aktif', 1),
('PV000018', '-', 'Indra Wahyudi', 'Perum Bumi Air Raja Blok A No. 127', '', 'KD A', '', 'K 1', 'Putus', 1),
('PV000019', '-', 'Rahmat Hidayat', 'Perum Bumi Air Raja Blok B No.120', '', 'KD A', '', 'K 1', 'Aktif', 1),
('PV000020', '-', 'Warsidi', 'Perum Bumi Air Raja Blok A No. 153', '', 'KD A', '', 'K 1', 'Aktif', 1),
('PV000021', '-', 'Bimo Susindrato', 'Perum Bumi Air Raja Blok A No. 143', '', 'KD A', '', 'K 1', 'Aktif', 1),
('PV000022', '-', 'Safri', 'Perum Bumi Air Raja Blok B No. 97', '', 'KD A', '', 'K 1', 'Putus', 1),
('PV000023', '-', 'Sugirman', 'Perum Bumi Air Raja Blok B No. 103', '', 'KD A', '', 'K 1', 'Putus', 1),
('PV000024', '-', 'Afriandi', 'Perum Bumi Air Raja Blok B No. ', '', 'KD A', '', 'K 1', 'Aktif', 3),
('PV000025', '-', 'Ibnu Rahwanto', 'Perum Bumi Air Raja Blok A No. 97', '', 'KD A', '', 'K 1', 'Putus', 1),
('PV000026', '-', 'Anang', 'Perum Bumi Air Raja Blok C No. 41', '', 'KD A', '', 'K 1', 'Aktif', 1),
('PV000027', '-', 'Mulyadi', 'Perum Bumi Air Raja Blok C No. 42', '', 'KD A', '', 'K 1', 'Putus', 1),
('PV000028', '-', 'Didit', 'Perum Bumi Air Raja Blok C No. 71', '', 'KD A', '', 'K 1', 'Aktif', 1),
('PV000029', '-', 'Syarif Mansyur Siregar', 'Perum Bumi Air Raja Blok C No. 104', '', 'KD A', '', 'K 1', 'Putus', 1),
('PV000030', '-', 'Feri', 'Perum Bumi Air Raja Blok C No. 46', '', 'KD A', '', 'K 1', 'Aktif', 1),
('PV000031', '-', 'Dalsah Azis', 'Perum Bumi Air Raja Blok C No. 34', '', 'KD A', '', 'K 1', 'Aktif', 1),
('PV000032', '-', 'Usman Zulkifli         ', 'Perum Bumi Air Raja Blok A No. 138', '', 'KD A', '', 'K 1', 'Aktif', 1),
('PV000033', '-', 'Zulkaryadi', 'Perum Bumi Air Raja Blok A No. 131', '', 'KD A', '', 'K 1', 'Aktif', 1),
('PV000034', '-', 'Yudi Mustika Hadinata', 'Perum Bumi Air Raja Blok C No. 81', '', 'KD A', '', 'K 1', 'Aktif', 1),
('PV000035', '-', 'Aditia', 'Perum Bumi Air Raja Blok A No. 98', '', 'KD A', '', 'K 1', 'Putus', 1),
('PV000036', '-', 'Suhatman', 'Perum Bumi Air Raja Blok G No. 264 B Hp. 085263455511    ', '', 'KD A', '', 'K 1', 'Aktif', 1),
('PV000037', '-', 'Azhar Zarini   ', 'Perum Bumi Air Raja Blok F No. 154 Jl. Bangau XI Hp. 081270411432', '', 'KD A', '', 'K 1', 'Aktif', 1),
('PV000038', '-', 'Suhardi', 'Perum Bumi Air Raja Blok C No. 110', '', 'KD A', '', 'K 1', 'Aktif', 2),
('PV000039', '-', 'Muspar', 'Perum Bumi Air Raja Blok C No. 112', '', 'KD A', '', 'K 1', 'Aktif', 2),
('PV000040', '-', 'Kantor Perum Air Raja', 'Perum Bumi Air Raja', '', 'KD A', '', 'K 1', 'Aktif', 1),
('PV000041', '-', 'Pasaribu', 'Perum Bumi Air Raja Blok C No. 81', '', 'KD A', '', 'K 1', 'Putus', 1),
('PV000042', '-', 'Sauji', 'Perum Bumi Air Raja Blok D No. 131', '', 'KD A', '', 'K 1', 'Aktif', 2),
('PV000043', '-', 'Ramses Silalahi', 'Perum Bumi Air Raja Blok B No. 71', '', 'KD A', '', 'K 1', 'Putus Sementara', 1),
('PV000044', '-', 'Indra Purnama', 'Perum Bumi Air Raja Blok A No. 66', '', 'KD A', '', 'K 1', 'Aktif', 1),
('PV000045', '-', 'Suriyanti', 'Perum Bumi Air Raja Blok A No. 69', '', 'KD A', '', 'K 1', 'Aktif', 1),
('PV000046', '-', 'Rusdi         ', 'Perum Bumi Air Raja Blok A No. 77', '', 'KD A', '', 'K 1', 'Putus', 1),
('PV000047', '-', 'Agusrianto', 'Perum Bumi Air Raja Blok A No. 63', '', 'KD A', '', 'K 1', 'Aktif', 1),
('PV000048', '-', 'Dini', 'Perum Bumi Air Raja Blok D No. 117-118', '', 'KD A', '', 'K 1', 'Aktif', 2),
('PV000049', '-', 'Doni', 'Perum Bumi Air Raja Blok C No. 288 A', '', 'KD A', '', 'K 1', 'Aktif', 1),
('PV000050', '-', 'Julie Ika S', 'Perum Bumi Air Raja Blok D No. 106', '', 'KD A', '', 'K 1', 'Aktif', 2),
('PV000051', '-', 'Sugiyanto', 'Perum Bumi Air Raja Blok C No. 116', '', 'KD A', '', 'K 1', 'Putus', 1),
('PV000052', '-', 'Fauzan', 'Perum Bumi Air Raja Blok B No. 87', '', 'KD A', '', 'K 1', 'Putus Sementara', 1),
('PV000053', '-', 'Ahuat', 'Perum Bumi Air Raja Blok D No. 102', '', 'KD A', '', 'K 1', 'Putus', 1),
('PV000054', '-', 'Toni', 'Perum Bumi Air Raja Blok A No. 118', '', 'KD A', '', 'K 1', 'Putus', 1),
('PV000055', '-', 'Dewi', 'Perum Bumi Air Raja Blok D No. 121', '', 'KD A', '', 'K 1', 'Aktif', 1),
('PV000056', '-', 'Yosep', 'Perum Bumi Air Raja Blok D No. 129', '', 'KD A', '', 'K 1', 'Putus', 1),
('PV000057', '-', 'Sanan       ', 'Perum Bumi Air Raja Blok A No. 165', '', 'KD A', '', 'K 1', 'Aktif', 1),
('PV000058', '-', 'Mak Sidah', 'Perum Bumi Air Raja Blok A No. 155', '', 'KD A', '', 'K 1', 'Putus', 1),
('PV000059', '-', 'Aim. Salim Rahman    ', 'Perum Bumi Air Raja  C No. 263', '', 'KD A', '', 'K 1', 'Aktif', 1),
('PV000060', '-', 'Adi', 'Perum Bumi Air Raja Blok D No. 133', '', 'KD A', '', 'K 1', 'Putus', 1),
('PV000061', '-', 'H. Lumban Tobing', 'Kaplingan di bwh Perum Bumi Air Raja Blok G', '', 'KD A', '', 'K 1', 'Aktif', 1),
('PV000062', '-', 'Jon Rizal rt blok D', 'Perum Bumi Air Raja Blok D No. 114', '', 'KD A', '', 'K 1', 'Aktif', 1),
('PV000063', '-', 'Lina', 'Perum Bumi Air Raja Blok A No. 111', '', 'KD A', '', 'K 1', 'Putus', 1),
('PV000064', '-', 'Siprianus  ', 'Perum Bumi Air Raja Jl.utama No. 20', '', 'KD A', '', 'K 1', 'Putus', 1),
('PV000065', '-', 'Sukamto', 'Perum Bumi Air Raja Blok D No. 103', '', 'KD A', '', 'K 1', 'Aktif', 1),
('PV000066', '-', 'Syahri', 'Perum Bumi Air Raja Blok C No. 113', '', 'KD A', '', 'K 1', 'Putus', 1),
('PV000067', '-', 'Saragih', 'Perum Bumi Air Raja Blok A No. 57', '', 'KD A', '', 'K 1', 'Aktif', 2),
('PV000068', '-', 'Hendri', 'Perum Bumi Air Raja Blok A No. 24', '', 'KD A', '', 'K 1', 'Aktif', 1),
('PV000069', '-', 'M. Nasir', 'Perum Bumi Air Raja Blok C No. 222', '', 'KD A', '', 'K 1', 'Putus', 1),
('PV000070', '-', 'Guswanto', 'Perum Bumi Air Raja Blok C No. 103', '', 'KD A', '', 'K 1', 'Aktif', 1),
('PV000071', '-', 'Herwin Sitompul', 'Perum Bumi Air Raja Blok C No. 72', '', 'KD A', '', 'K 1', 'Putus', 1),
('PV000072', '-', 'Fazri', 'Perum Bumi Air Raja Blok B No. 68', '', 'KD A', '', 'K 1', 'Putus', 1),
('PV000073', '-', 'Mulyati   ', 'Perum Bumi Air Raja Blok C No. 63', '', 'KD A', '', 'K 1', 'Aktif', 1),
('PV000074', '-', 'Jimmy Achmed', 'Perum Bumi Air Raja Blok B No. 86', '', 'KD A', '', 'K 1', 'Putus', 1),
('PV000075', '-', 'Hidayat', 'Perum Bumi Air Raja Blok D No. 136', '', 'KD A', '', 'K 1', 'Aktif', 1),
('PV000076', '-', 'Karmisa', 'Perum Bumi Air Raja Blok D No. 98', '', 'KD A', '', 'K 1', 'Putus Sementara', 1),
('PV000077', '-', 'Parlin Pakpahan', 'Perum Bumi Air Raja Blok D No. 95', '', 'KD A', '', 'K 1', 'Aktif', 1),
('PV000078', '-', 'Tukimin/tugiman', 'Perum Bumi Air Raja Blok D No. 97', '', 'KD A', '', 'K 1', 'Aktif', 1),
('PV000079', '-', 'Ridwan', 'Perum Bumi Air Raja Blok A No. 114', '', 'KD A', '', 'K 1', 'Putus', 1),
('PV000080', '-', 'Sofian', 'Perum Bumi Air Raja Blok A No. 125', '', 'KD A', '', 'K 1', 'Aktif', 1),
('PV000081', '-', 'Heri Kurniawan', 'Perum Bumi Air Raja Blok B No. 41', '', 'KD A', '', 'K 1', 'Aktif', 1),
('PV000082', '-', 'M. Marzuki', 'Perum Bumi Air Raja Blok A No. 133', '', 'KD A', '', 'K 1', 'Putus', 1),
('PV000083', '-', 'Nazarudin', 'Perum Bumi Air Raja Blok B No. 90', '', 'KD A', '', 'K 1', 'Putus', 1),
('PV000084', '-', 'Benita Indica', 'Perum Kenangan Jaya Blok B No. 25', '', 'KD D', '', 'K 1', 'Aktif', 1),
('PV000085', '-', 'Eci', 'Perum Bumi Air Raja Blok B No. 72', '', 'KD A', '', 'K 1', 'Putus', 1),
('PV000086', '-', 'Jumardiana', 'Perum Bumi Air Raja Blok D No. 123', '', 'KD A', '', 'K 1', 'Aktif', 1),
('PV000087', '-', 'Johan / Kalapas', 'Perum Bumi Air Raja Blok C No. 73', '', 'KD A', '', 'K 1', 'Putus', 1),
('PV000088', '-', 'Hendra', 'Perum Bumi Air Raja Blok B No. 30', '', 'KD A', '', 'K 1', 'Putus Sementara', 1),
('PV000089', '-', 'Sumihartini', 'Perum Bumi Air Raja Blok B No. 99', '', 'KD A', '', 'K 1', 'Aktif', 1),
('PV000090', '-', 'Suharianto', 'Perum Bumi Air Raja Blok D No. 77', '', 'KD A', '', 'K 1', 'Aktif', 1),
('PV000091', '-', 'Indra', 'Perum Bumi Air Raja Blok B No. 26', '', 'KD A', '', 'K 1', 'Putus', 1),
('PV000092', '-', 'Muli', 'Perum Bumi Air Raja Blok A No. 159', '', 'KD A', '', 'K 1', 'Aktif', 2),
('PV000093', '-', 'Yusnawati', 'Perum Bumi Air Raja Blok D No. 110', '', 'KD A', '', 'K 1', 'Aktif', 1),
('PV000094', '-', 'Maston Sidebang', 'Perum Bumi Air Raja Blok D No. 109 dan D No. 13', '', 'KD A', '', 'K 1', 'Aktif', 2),
('PV000095', '-', 'Eriyanto', 'Perum Bumi Air Raja Blok D No. 107', '', 'KD A', '', 'K 1', 'Aktif', 1),
('PV000096', '-', 'Sismu Umar Bakker', 'Perum Bumi Air Raja Blok D No. 38', '', 'KD A', '', 'K 1', 'Aktif', 1),
('PV000097', '-', 'Hery', 'Perum Bumi Air Raja Blok D No. 90', '', 'KD A', '', 'K 1', 'Aktif', 1),
('PV000098', '-', 'Asrinel Yanti', 'Perum Bumi Air Raja Blok D No. 88', '', 'KD A', '', 'K 1', 'Aktif', 1),
('PV000099', '-', 'Maah / Nenek', 'Perum Bumi Air Raja Blok A No. 12', '', 'KD A', '', 'K 1', 'Putus Sementara', 1),
('PV000100', '-', 'Deddy Novendry', 'Perum Bumi Air Raja Blok C No. 215', '', 'KD A', '', 'K 1', 'Aktif', 1),
('PV000101', '-', 'Muhammad Ilyas', 'Perum Bumi Air Raja Blok B No. 118', '', 'KD A', '', 'K 1', 'Aktif', 1),
('PV000102', '-', 'Sumantani', 'Perum Bumi Air Raja Blok B No. 79', '', 'KD A', '', 'K 1', 'Aktif', 1),
('PV000103', '-', 'Said', 'Perum Bumi Air Raja Blok A No. 37', '', 'KD A', '', 'K 1', 'Aktif', 1),
('PV000104', '-', 'Alfian', 'Perum Bumi Air Raja Blok D No. 113', '', 'KD A', '', 'K 1', 'Putus', 1),
('PV000105', '-', 'Siti Nuraini', 'Perum Bumi Air Raja Blok D No. 96', '', 'KD A', '', 'K 1', 'Aktif', 1),
('PV000106', '-', 'Heri', 'Perum Bumi Air Raja Blok C No. 291', '', 'KD A', '', 'K 1', 'Aktif', 1),
('PV000107', '-', 'Abdul Latif  ', 'Perum Bumi Air Raja Blok C No. 47', '', 'KD A', '', 'K 1', 'Putus', 1),
('PV000108', '-', 'Helmizan    ', 'Perum Bumi Air Raja Blok D No. 79', '', 'KD A', '', 'K 1', 'Aktif', 2),
('PV000109', '-', 'Hasan Basri    ', 'Perum Bumi Air Raja Blok A No. 164', '', 'KD A', '', 'K 1', 'Aktif', 1),
('PV000110', '-', 'Ridwan', 'Perum Bumi Air Raja Blok A No. 146', '', 'KD A', '', 'K 1', 'Aktif', 1),
('PV000111', '-', 'Sapar', 'Perum Bumi Air Raja Blok D No. 99', '', 'KD A', '', 'K 1', 'Putus', 1),
('PV000112', '-', 'Edi Parizal', 'Perum Bumi Air Raja Blok C No. 68', '', 'KD A', '', 'K 1', 'Aktif', 1),
('PV000113', '-', 'Agung', 'Perum Bumi Air Raja Blok C No. 99', '', 'KD A', '', 'K 1', 'Putus', 1),
('PV000114', '-', 'Diana Lusianti', 'Perum Bumi Air Raja Blok D No. 140', '', 'KD A', '', 'K 1', 'Aktif', 1),
('PV000115', '-', 'Nurhayati', 'Perum Bumi Air Raja Blok A No. 75', '', 'KD A', '', 'K 1', 'Aktif', 1),
('PV000116', '-', 'Agus Marpaung', 'Perum Bumi Air Raja Blok A No. 135', '', 'KD A', '', 'K 1', 'Putus', 1),
('PV000117', '-', 'Sany Teguh H', 'Perum Bumi Air Raja Blok D No. 122', '', 'KD A', '', 'K 1', 'Aktif', 1),
('PV000118', '-', 'Sindrang / Indra RT 1', 'Perum Bumi Air Raja Blok A No. 134', '', 'KD A', '', 'K 1', 'Aktif', 1),
('PV000119', '-', 'Hendri Suhelmi', 'Perum Bumi Air Raja Blok B No. 77', '', 'KD A', '', 'K 1', 'Aktif', 1),
('PV000120', '-', 'Agus        ', 'Perum Bumi Air Raja Blok C No. 288', '', 'KD A', '', 'K 1', 'Aktif', 1),
('PV000121', '-', 'Mulyadi', 'Perum Bumi Air Raja Blok C No. 80', '', 'KD A', '', 'K 1', 'AKTIF', 1),
('PV000122', '-', 'Sulistini', 'Perum Bumi Air Raja Blok A No. 116', '', 'KD A', '', 'K 1', 'Aktif', 1),
('PV000123', '-', 'Tusiman', 'Perum Bumi Air Raja Blok A No. 28', '', 'KD A', '', 'K 1', 'Aktif', 1),
('PV000124', '-', 'Ida', 'Perum Bumi Air Raja Blok D No. 80', '', 'KD A', '', 'K 1', 'Putus Sementara', 1),
('PV000125', '-', 'Asimbolon', 'Perum Bumi Air Raja Blok B No. 95', '', 'KD A', '', 'K 1', 'Putus', 1),
('PV000126', '-', 'Sitohang', 'Perum Bumi Air Raja Blok B No. 67', '', 'KD A', '', 'K 1', 'Putus', 1),
('PV000127', '-', 'Tarwiyah          ', 'Perum Bumi Air Raja Blok B No. 88', '', 'KD A', '', 'K 1', 'Putus', 1),
('PV000128', '-', 'Syafrind', 'Perum Bumi Air Raja Blok B No. 88', '', 'KD A', '', 'K 1', 'Putus', 1),
('PV000129', '-', 'Asti', 'Perum Bumi Air Raja Blok B No.      ( rmh pribadi )', '', 'KD A', '', 'K 1', 'Aktif', 2),
('PV000130', '-', 'Edi Mustafa', 'Perum Bumi Air Raja Blok B No. 2', '', 'KD A', '', 'K 1', 'Putus', 1),
('PV000131', '-', 'Asep', 'Perum Bumi Air Raja Blok F No. 125', '', 'KD A', '', 'K 1', 'Putus', 1),
('PV000132', '-', 'Endang', 'Perum Bumi Air Raja Blok D No. 49', '', 'KD A', '', 'K 1', 'Aktif', 1),
('PV000133', '-', 'Mudiana', 'Perum Bumi Air Raja Blok D No. 120', '', 'KD A', '', 'K 1', 'Putus', 1),
('PV000134', '-', 'David', 'Perum Bumi Air Raja Blok B No. 70', '', 'KD A', '', 'K 1', 'Putus', 1),
('PV000135', '-', 'Muhamad Nur', 'Perum Bumi Air Raja Blok B No. 109', '', 'KD A', '', 'K 1', 'Aktif', 1),
('PV000136', '-', 'Irma Erfiana', 'Perum Bumi Air Raja Blok A No. 146', '', 'KD A', '', 'K 1', 'Putus', 1),
('PV000137', '-', 'Mujiono', 'Perum Bumi Air Raja Blok A No. 151', '', 'KD A', '', 'K 1', 'Putus', 1),
('PV000138', '-', 'Nurdin       ', 'Perum Bumi Air Raja Blok A No. 148', '', 'KD A', '', 'K 1', 'Putus Sementara', 1),
('PV000139', '-', 'Jon ', 'Perum Bumi Air Raja Blok A No. 76', '', 'KD A', '', 'K 1', 'Putus', 1),
('PV000140', '-', 'Mama Asep B', 'Perum Bumi Air Raja Blok D No. 143', '', 'KD A', '', 'K 1', 'Aktif', 1),
('PV000141', '-', 'Dendi Zulhendri', 'Perum Bumi Air Raja Blok D No. 138', '', 'KD A', '', 'K 1', 'Putus Sementara', 1),
('PV000142', '-', 'L. Manurung', 'Perum Bumi Air Raja Belakang bak air', '', 'KD A', '', 'K 1', 'Putus', 1),
('PV000143', '-', 'Ade Putra', 'Perum Bumi Air Raja Blok A No. 30', '', 'KD A', '', 'K 1', 'Aktif', 1),
('PV000144', '-', 'Anto', 'Perum Bumi Air Raja Blok B No. 75', '', 'KD A', '', 'K 1', 'Putus', 1),
('PV000145', '-', 'Rafizal rt blok b', 'Perum Bumi Air Raja Blok B ', '', 'KD A', '', 'K 1', 'Aktif', 1),
('PV000146', '-', 'Mbak Ida', 'Perum Bumi Air Raja Blok C No. 118 Hp. 081272741144', '', 'KD A', '', 'K 1', 'Aktif', 1),
('PV000147', '-', 'Jalil', 'Perum Bumi Air Raja Blok C No. 40', '', 'KD A', '', 'K 1', 'Aktif', 1),
('PV000148', '-', 'Pak De Isnen', 'Perum Bumi Air Raja bwh rmh pk.Lurah', '', 'KD A', '', 'K 1', 'Aktif', 1),
('PV000149', '-', 'Tarmizi', 'Perum Bumi Air Raja Blok A No. 29', '', 'KD A', '', 'K 1', 'Putus Sementara', 1),
('PV000150', '-', 'Fitri', 'Perum Bumi Air Raja Blok A No. 68', '', 'KD A', '', 'K 1', 'Putus', 1),
('PV000151', '-', 'Dudi Hartono', 'Perum Bumi Air Raja Blok G No. 202', '', 'KD A', '', 'K 1', 'Aktif', 1),
('PV000152', '-', 'Firman', 'Perum. Bumi Air Raja Blok B No. 64', '', 'KD A', '', 'K 1', 'Aktif', 1),
('PV000153', '-', 'Doni', 'Perum. Bumi Air Raja Blok D No.137', '', 'KD A', '', 'K 1', 'Aktif', 1),
('PV000154', '-', 'Siregar', 'Perum. Bumi Air Raja Blok D No.32', '', 'KD A', '', 'K 1', 'Putus', 1),
('PV000155', '-', 'Kak Mai     ', 'Perum. Bumi Air Raja Blok A No. 97', '', 'KD A', '', 'K 1', 'Putus', 1),
('PV000156', '-', 'Buldan', 'Perum. Bumi Air Raja Blok C No. 72', '', 'KD A', '', 'K 1', 'Putus', 1),
('PV000157', '-', 'Pendi', 'Perum. Bumi Air Raja Blok A No. 43', '', 'KD A', '', 'K 1', 'Putus', 1),
('PV000158', '-', 'Eki', 'Perum. Bumi Air Raja Blok D No. 54', '', 'KD A', '', 'K 1', 'Putus', 1),
('PV000159', '-', 'Zulkifli', 'Perum. Bumi Air Raja Blok D No. 108', '', 'KD A', '', 'K 1', 'Putus', 1),
('PV000160', '-', 'Mardianti', 'Perum. Bumi Air Raja Blok D No. 149 / Toko Sepatu Jl. Tg. Uban', '', 'KD A', '', 'K 1', 'Aktif', 2),
('PV000161', '-', 'Winda Hendro P', 'Perum. Bumi Air Raja Blok B No. 72', '', 'KD A', '', 'K 1', 'Putus', 1),
('PV000162', '-', 'Sanipan', 'Perum. Bumi Air Raja Blok B No. 45', '', 'KD A', '', 'K 1', 'Putus', 1),
('PV000163', '-', 'Yeni', 'Perum. Bumi Air Raja Blok D No. 144', '', 'KD A', '', 'K 1', 'Putus', 1),
('PV000164', '-', 'Asmar', 'Perum Bumi Air Raja Blok', '', 'KD A', '', 'K 1', 'Putus', 1),
('PV000165', '-', 'Leni Marlina', 'Perum. Bumi Air Raja Blok F No. 222', '', 'KD A', '', 'K 1', 'Aktif', 1),
('PV000166', '-', 'Susandi', 'Perum. Bumi Air Raja Blok B No. 35 ', '', 'KD A', '', 'K 1', 'Putus Sementara', 1),
('PV000167', '-', 'Ahmad Fauzi', 'Perum Bumi Air Raja Blok C No. 155', '', 'KD A', '', 'K 1', 'Aktif', 1),
('PV000168', '-', 'Nining Febrina', 'Perum. Bumi Air Raja Blok C No. 108', '', 'KD A', '', 'K 1', 'Aktif', 1),
('PV000169', '-', 'Nurasiah', 'Perum. Bumi Air Raja Blok A No. 155', '', 'KD A', '', 'K 1', 'Aktif', 1),
('PV000170', '-', 'Ida', 'Perum. Bumi Air Raja Blok C No. 93 ', '', 'KD A', '', 'K 1', 'Putus', 1),
('PV000171', '-', 'Andriani', 'Perum. Bumi Air Raja Blok A No. 79', '', 'KD A', '', 'K 1', 'Putus', 1),
('PV000172', '-', 'Udin Siti', 'Perum. Bumi Air Raja Blok A No. 73', '', 'KD A', '', 'K 1', 'Aktif', 1),
('PV000173', '-', 'Tarmizi', 'Perum. Bumi Air Raja Blok C No. 293', '', 'KD A', '', 'K 1', 'Aktif', 1),
('PV000174', '-', 'Jhony Hendri', 'Perum. Bumi Air Raja Blok D No. 146', '', 'KD A', '', 'K 1', 'Aktif', 1),
('PV000175', '-', 'Rika Trinodesti', 'Perum Bumi Air Raja Blok F No. 224', '', 'KD A', '', 'K 1', 'Putus', 1),
('PV000176', '-', 'Desmawati', 'Perum. Bumi Air Raja Blok A No. 150', '', 'KD A', '', 'K 1', 'Aktif', 1),
('PV000177', '-', 'Tisnawati', 'Perum. Bumi Air Raja Blok C No. 221', '', 'KD A', '', 'K 1', 'Aktif', 3),
('PV000178', '-', 'Ahmad Isnaini', 'Perum. Bumi Air Raja Blok F No. 155', '', 'KD A', '', 'K 1', 'Aktif', 1),
('PV000179', '-', 'Hadi Jaya       ', 'Perum. Bumi Air Raja Blok D No. 133', '', 'KD A', '', 'K 1', 'Putus Sementara', 1),
('PV000180', '-', 'Joni Simare-mare', 'Perum. Bumi Air Raja Blok B No. 100', '', 'KD A', '', 'K 1', 'Putus', 1),
('PV000181', '-', 'Adi Rino', 'Perum. Bumi Air Raja Blok A No. 111', '', 'KD A', '', 'K 1', 'Putus', 1),
('PV000182', '-', 'Berlian L Tobing', 'Perum. Bumi Air Raja Blok A No. ', '', 'KD A', '', 'K 1', 'Putus', 1),
('PV000183', '-', 'Rahmat', 'Perum. Bumi Air Raja Blok D No. 123', '', 'KD A', '', 'K 1', 'Putus', 1),
('PV000184', '-', 'Heldi', 'Perum. Bumi Air Raja Blok A No. 149 C', '', 'KD A', '', 'K 1', 'Aktif', 1),
('PV000185', '-', 'Waridi', 'Perum. Bumi Air Raja Blok F No. 43', '', 'KD A', '', 'K 1', 'Aktif', 1),
('PV000186', '-', 'Sarni', 'Perum. Bumi Air Raja Blok D No. 102', '', 'KD A', '', 'K 1', 'Putus', 1),
('PV000187', '-', 'Miswan', 'Perum. Bumi Air Raja Blok C No. 73', '', 'KD A', '', 'K 1', 'Putus', 1),
('PV000188', '-', 'Munir', 'Perum Bumi Air Raja Blok C No. ', '', 'KD A', '', 'K 1', 'Putus', 1),
('PV000189', '-', 'Eka Wardani', 'Perum. Bumi Air Raja Blok A No. 98', '', 'KD A', '', 'K 1', 'Aktif', 2),
('PV000190', '-', 'Dina Sulianti', 'Perum. Bumi Air Raja Blok D No. 81', '', 'KD A', '', 'K 1', 'Putus', 1),
('PV000191', '-', 'Nasaruddin   ', 'Perum. Bumi Air Raja Blok A No. 122', '', 'KD A', '', 'K 1', 'Putus Sementara', 1),
('PV000192', '-', 'Pupu Juwarianto', 'Perum. Bumi Air Raja Blok C No. 82', '', 'KD A', '', 'K 1', 'Putus', 1),
('PV000193', '-', 'Sujarno', 'Perum. Bumi Air Raja Blok A No. 25', '', 'KD A', '', 'K 1', 'Aktif', 1),
('PV000194', '-', 'Abdul Jalal', 'Perum. Bumi Air Raja Blok B No. 113', '', 'KD A', '', 'K 1', 'Aktif', 1),
('PV000195', '-', 'Boike', 'Perum. Bumi Air Raja Blok B No. 27', '', 'KD A', '', 'K 1', 'Putus', 1),
('PV000196', '-', 'Abdul Aziz', 'Perum. Bumi Air Raja Blok C No. 289', '', 'KD A', '', 'K 1', 'Aktif', 1),
('PV000197', '-', 'Irmawati', 'Perum. Bumi Air Raja Blok B No. 102', '', 'KD A', '', 'K 1', 'Aktif', 1),
('PV000198', '-', 'Iwan Santoso', 'Perum. Bumi Air Raja Blok B No. 104', '', 'KD A', '', 'K 1', 'Aktif', 1),
('PV000199', '-', 'Agustinus Suparjo', 'Perum. Bumi Air Raja Blok B No. 94', '', 'KD A', '', 'K 1', 'Aktif', 1),
('PV000200', '-', 'Abdul Wahab   ', 'Perum. Bumi Air Raja Blok A No. 23', '', 'KD A', '', 'K 1', 'Putus', 1),
('PV000201', '-', 'Suryadi', 'Perum. Bumi Air Raja Blok A No. 161', '', 'KD A', '', 'K 1', 'Aktif', 1),
('PV000202', '-', 'Amsir', 'Perum Bumi Air Raja Blok B No. 89', '', 'KD A', '', 'K 1', 'Aktif', 1),
('PV000203', '-', 'Zulkarnain      ', 'Perum Bumi Air Raja Blok D No.96', '', 'KD A', '', 'K 1', 'Putus', 1),
('PV000204', '-', 'Dolok Sutarduga Siregar', 'Perum Bumi Air Raja Blok C No. 04', '', 'KD A', '', 'K 1', 'Aktif', 1),
('PV000205', '-', 'Netria', 'Perum Bumi Air Raja Blok C No. 195 - 196', '', 'KD A', '', 'K 1', 'Aktif', 2),
('PV000206', '-', 'Darmawati', 'Perum Bumi Air Raja Blok D No. 51', '', 'KD A', '', 'K 1', 'Aktif', 1),
('PV000207', '-', 'Hersila Wahyudi        ', 'Perum Bumi Air Raja Blok A No. 54', '', 'KD A', '', 'K 1', 'Putus Sementara', 1),
('PV000208', '-', 'Tersia Widyastuti', 'Perum Bumi Air Raja Blok C No. 21 A', '', 'KD A', '', 'K 1', 'Putus', 1),
('PV000209', '-', 'Tri Wahyuni    ', 'Perum Bumi Air Raja Blok B No. 93', '', 'KD A', '', 'K 1', 'Aktif', 1),
('PV000210', '-', 'Sutrisno', 'Perum Bumi Air Raja Blok D No. 91', '', 'KD A', '', 'K 1', 'Aktif', 1),
('PV000211', '-', 'Leli Sumarni      ', 'Perum Bumi Air Raja Blok D No. 145', '', 'KD A', '', 'K 1', 'Putus', 1),
('PV000212', '-', 'Sucipto', 'Perum Bumi Air Raja Blok C No. 220', '', 'KD A', '', 'K 1', 'Putus', 1),
('PV000213', '-', 'Alamsyah Wijaya      ', 'Perum Bumi Air Raja Blok A No. 45', '', 'KD A', '', 'K 1', 'Putus', 1),
('PV000214', '-', 'Diana Sopianto', 'Perum Bumi Air Raja Blok A No. 79 B', '', 'KD A', '', 'K 1', 'Putus', 1),
('PV000215', '-', 'Indrawanto', 'Perum Bumi Air Raja Blok A No. 76', '', 'KD A', '', 'K 1', 'Putus', 1),
('PV000216', '-', 'Adriansyah Sitohang', 'Perum Bumi Air Raja Blok C No. 118', '', 'KD A', '', 'K 1', 'Putus', 1),
('PV000217', '-', 'Mazlan Abdul Gani', 'Perum Bumi Air Raja Blok A No. 32', '', 'KD A', '', 'K 1', 'Putus', 1),
('PV000218', '-', 'Azhari        ', 'Perum Bumi Air Raja Blok A No. 97', '', 'KD A', '', 'K 1', 'Putus', 1),
('PV000219', '-', 'Martanto', 'Perum Bumi Air Raja Blok A No. 46', '', 'KD A', '', 'K 1', 'Aktif', 1),
('PV000220', '-', 'Marhadi                            ', 'Perum Bumi Air Raja Blok C No. 278', '', 'KD A', '', 'K 1', 'Aktif', 1),
('PV000221', '-', 'Budi Pusdarwanto                 ', 'Perum Bumi Air Raja Blok A No. 128', '', 'KD A', '', 'K 1', 'Putus', 1),
('PV000222', '-', 'Dahlia Eriwati. S', 'Perum Bumi Air Raja Blok A No. 43', '', 'KD A', '', 'K 1', 'Putus', 1),
('PV000223', '-', 'Sahlan     ', 'Perum Bumi Air Raja Blok D No. 03', '', 'KD A', '', 'K 1', 'Putus', 1),
('PV000224', '-', 'Budi rahmad', 'Perum Bumi air Raja Blok A No. 193', '', 'KD A', '', 'K 1', 'Putus', 1),
('PV000225', '-', 'Marmi', 'Perum Bumi Air Raja Blok D. No 75', '', 'KD A', '', 'K 1', 'Aktif', 1),
('PV000226', '-', 'R Kholidin', 'Perum Bumi Air Raja Blok A No. 74', '', 'KD A', '', 'K 1', 'Aktif', 2),
('PV000227', '-', 'Lilis     ', 'Perum Bumi Air Raja Blok C No. 202', '', 'KD A', '', 'K 1', 'Aktif', 1),
('PV000228', '-', 'Lilis     ', 'Perum Bumi Air Raja Blok C No. 42', '', 'KD A', '', 'K 1', 'Putus', 1),
('PV000229', '-', 'Pak Ahuat', 'Perum Bumi Air Raja Ruko no 5 Blok A', '', 'KD A', '', 'K 1', 'Aktif', 1),
('PV000230', '-', 'Kusinoro', 'Perum Bumi Air Raja Blok C No. 89', '', 'KD A', '', 'K 1', 'Aktif', 1),
('PV000231', '-', 'Januar', 'Perum Bumi Air Raja Blok C No. 301', '', 'KD A', '', 'K 1', 'Aktif', 1),
('PV000232', '-', 'Aldarfius', 'Perum Bumi Air Raja Blok C No. 191', '', 'KD A', '', 'K 1', 'Putus', 1),
('PV000233', '-', 'Dugyl  ', 'Perum Bumi Air Raja Blok C No. 185 B', '', 'KD A', '', 'K 1', 'Putus', 1),
('PV000234', '-', 'Roy Ka Simamora', 'Perum Bumi Air Raja Blok C No. 95', '', 'KD A', '', 'K 1', 'Aktif', 1),
('PV000235', '-', 'Neman Sulaeman', 'Perum Bumi Air Raja Blok C No. 185 A', '', 'KD A', '', 'K 1', 'Putus Sementara', 1),
('PV000236', '-', 'Siti Halimah                ', 'Perum bumi air raja Blok D No 74', '', 'KD A', '', 'K 1', 'Putus', 1),
('PV000237', '-', 'Kumis    ', 'Perum Bumi Air Raja blok A no 4', '', 'KD A', '', 'K 1', 'Aktif', 1),
('PV000238', '-', 'Sirin', 'Jl. Rajawali KM 13 blkng Toko Wira Utama Hp. 085376103439', '', 'KD H 2', '', 'K 2', 'Aktif', 1),
('PV000239', '-', 'Sipahutar', 'Perum Bumi Air Raja Blok C No 205', '', 'KD A', '', 'K 1', 'Aktif', 1),
('PV000240', '-', 'Andi F', 'Perum Bumi Air Raja Blok A No 130', '', 'KD A', '', 'K 1', 'Aktif', 1),
('PV000241', '-', 'Daniel Ronal', 'Perum Bumi Air Raja Blok A No 50', '', 'KD A', '', 'K 1', 'Putus', 1),
('PV000242', '-', 'Abbas', 'Perum Bumi Air Raja Blok C no. 219', '', 'KD A', '', 'K 1', 'Aktif', 1),
('PV000243', '-', 'Lisa                 ', 'Perum Bumi Air Raja Blok C no. 114', '', 'KD A', '', 'K 1', 'Aktif', 1),
('PV000244', '-', 'Sukiman    ', 'Perum Bumi Air Raja Blok C  dekat cetak batako', '', 'KD A', '', 'K 1', 'Putus', 1),
('PV000245', '-', 'Winarti   ', 'Perum Bumi Air Raja Blok A No 70', '', 'KD A', '', 'K 1', 'Putus', 1),
('PV000246', '-', 'Rojak', 'Perum Bumi Air Raja Blok C no 126', '', 'KD A', '', 'K 1', 'Putus', 1),
('PV000247', '-', 'Solihin', 'Perum Bumi Air Raja Blok C No. 127', '', 'KD A', '', 'K 1', 'Putus Sementara', 1),
('PV000248', '-', 'Mulia maulina', 'Perum Bumi Air Raja Blok C no 280', '', 'KD A', '', 'K 1', 'Aktif', 1),
('PV000249', '-', 'Sukardi', 'Perum Bumi Air Raja Blok A no 158', '', 'KD A', '', 'K 1', 'Aktif', 1),
('PV000250', '-', 'Rusli', 'Perum Bumi Air Raja blok D no 30', '', 'KD A', '', 'K 1', 'Putus Sementara', 1),
('PV000251', '-', 'Taufik', 'Perum Bumi Air Raja blok no 124', '', 'KD A', '', 'K 1', 'Putus', 1),
('PV000252', '-', 'Deni indrawati   ', 'Perum Bumi Air Raja blok no 79 A', '', 'KD A', '', 'K 1', 'Aktif', 1),
('PV000253', '-', 'Utami', 'Perum bumi air raja Blok C No 272', '', 'KD A', '', 'K 1', 'Aktif', 1),
('PV000254', '-', 'Jasman', 'Perum Bumi Air Raja Blok C No. 197', '', 'KD A', '', 'K 1', 'Putus Sementara', 1),
('PV000255', '-', 'M. khafi', 'Perum bumi air raja Blok D No 139', '', 'KD A', '', 'K 1', 'Putus Sementara', 1),
('PV000256', '-', 'Abdul Syahri ', 'Perum bumi air raja Blok C No 191', '', 'KD A', '', 'K 1', 'Putus', 1),
('PV000257', '-', 'B. Hutagalung', 'Perum Bumi Air Raja Blok G No. 197', '', 'KD A', '', 'K 1 / RK', 'Putus Sementara', 1),
('PV000258', '-', 'Andi. S', 'Perum bumi air raja Blok C No 235', '', 'KD A', '', 'K 1', 'Aktif', 1),
('PV000259', '-', 'F.M Gultom', 'Perum Bumi Air Raja Blok C No. 194', '', 'KD A', '', 'K 1', 'Aktif', 1),
('PV000260', '-', 'Tatik susianti', 'Perum Bumi Air Raja Blok A No. 68 ', '', 'KD A', '', 'K 1', 'Putus', 1),
('PV000261', '-', 'Sugihartono', 'Perum bumi air raja Blok A No 111', '', 'KD A', '', 'K 1', 'Aktif', 1),
('PV000262', '-', 'Junaidi', 'Perum Bumi Air Raja Blok C No. 103', '', 'KD A', '', 'K 1', 'Putus Sementara', 1),
('PV000263', '-', 'Kartini', 'Perum Bumi Air Raja Blok C No 226', '', 'KD A', '', 'K 1', 'Aktif', 1),
('PV000264', '-', 'Pemi  Anggraini', 'Perum Bumi Air Raja Blok G No. 210', '', 'KD A', '', 'K 1', 'Aktif', 1),
('PV000265', '-', 'Suyoto', 'Perum Bumi Air Raja Blok G No. 184 Hp. 085265402216', '', 'KD A', '', 'K 1', 'Aktif', 1),
('PV000266', '-', 'Riki Hidayat', 'Perum Bumi Air Raja Blok A No 186', '', 'KD A', '', 'K 1', 'Aktif', 1),
('PV000267', '-', 'Herianto', 'Bumi Air Raja belakang bak air', '', 'KD A', '', 'K 1', 'Putus', 1),
('PV000268', '-', 'Lisa', 'Perum Bumi Air Raja Blok D No 89', '', 'KD A', '', 'K 1', 'Putus', 1),
('PV000269', '-', 'Zulma Efendi', 'Perum Bumi Air Raja Blok D No 141', '', 'KD A', '', 'K 1', 'Aktif', 1),
('PV000270', '-', 'Malik Shypullizan', 'Kp. Simpangan dpn Indah Sari ( Keibun )', '', 'KD G', '', 'K 1', 'Aktif', 1),
('PV000271', '-', 'Maristauli', 'Perum Bumi Air Raja Blok D No. 125', '', 'KD A', '', 'K 1', 'Aktif', 1),
('PV000272', '-', 'Yuda Pratama', 'Perum Bumi Air Raja Blok C No. 261', '', 'KD A', '', 'K 1', 'Aktif', 1),
('PV000273', '-', 'Mawardi', 'Perum Bumi Air Raja Blok C No. 317', '', 'KD A', '', 'K 1', 'Aktif', 1),
('PV000274', '-', 'T. Fikri Firdaus', 'Perum Bumi Air Raja Blok C No. 181', '', 'KD A', '', 'K 1', 'Aktif', 1),
('PV000275', '-', 'Joko Susilo', 'Perum Bumi Air Raja Blok C No. 306', '', 'KD A', '', 'K 1', 'Aktif', 1),
('PV000276', '-', 'Anin', 'Perum Bumi Air Raja Blok C No. 305', '', 'KD A', '', 'K 1', 'Putus', 1),
('PV000277', '-', 'Nurholis, SP', 'Perum Bumi Air Raja Blok A No.', '', 'KD A', '', 'K 1', 'Putus', 1),
('PV000278', '-', 'Edi Sopian', 'Perum Bumi Air Raja Blok A No. 129', '', 'KD A', '', 'K 1', 'Aktif', 1),
('PV000279', '-', 'Febri Yani         ', 'Perum Bumi Air Raja Blok C No. 315', '', 'KD A', '', 'K 1', 'Putus', 1),
('PV000280', '-', 'Zulkarnain', 'Perum Bumi Air Raja Blok C No. 279', '', 'KD A', '', 'K 1', 'Putus', 1),
('PV000281', '-', 'Saepuddin', 'Perum Bumi Air Raja Blok C No. 229 / 231', '', 'KD A', '', 'K 1', 'Putus', 1),
('PV000282', '-', 'Firman', 'Perum Bumi Air Raja Blok C No. 62', '', 'KD A', '', 'K 1', 'Aktif', 1),
('PV000283', '-', 'Tiar Suhendra', 'Perum Bumi Air Raja Blok D No. 119 ', '', 'KD A', '', 'K 1', 'Putus', 1),
('PV000284', '-', 'Rudi Susanto', 'Perum Bumi Air Raja Blok C No. 319', '', 'KD A', '', 'K 1', 'Putus', 1),
('PV000285', '-', 'Arifin', 'Perum Bumi Air Raja Blok B No. 73', '', 'KD A', '', 'K 1', 'Putus', 1),
('PV000286', '-', 'Bachrim MH', 'Perum Bumi Air Raja Blok A No. 144', '', 'KD A', '', 'K 1', 'Putus', 1),
('PV000287', '-', 'Tri Suko', 'Perum Bumi Air Raja Blok C No. 127', '', 'KD A', '', 'K 1', 'Aktif', 1),
('PV000288', '-', 'Eni Winarsih', 'Perum Bumi Air Raja Blok C No. 284', '', 'KD A', '', 'K 1', 'Aktif', 1),
('PV000289', '-', 'Asrul / utang 9 - 2 18', 'Perum Bumi Air Raja Blok C No. 225', '', 'KD A', '', 'K 1', 'Putus', 1),
('PV000290', '-', 'Busrianto', 'Perum Bumi Air Raja Blok C No. 208', '', 'KD A', '', 'K 1', 'Aktif', 1),
('PV000291', '-', 'Djinapi Harahap', 'Perum Bumi Air Raja Blok C No. 198', '', 'KD A', '', 'K 1', 'Putus Sementara', 1),
('PV000292', '-', 'Sentosa Barus', 'Perum Bumi Air Raja Blok A No. 76', '', 'KD A', '', 'K 1', 'Putus', 1),
('PV000293', '-', 'Marjohan', 'Perum Bumi Air Raja Blok C No. 219', '', 'KD A', '', 'K 1', 'Aktif', 1),
('PV000294', '-', 'Wagiyem', 'Perum Bumi Air Raja Blok C No. 262', '', 'KD A', '', 'K 1', 'Putus', 1),
('PV000295', '-', 'Uspianto', 'Perum Bumi Air Raja Blok C No. 277 jl. Tiung VII', '', 'KD A', '', 'K 1', 'Aktif', 1),
('PV000296', '-', 'Sutisna', 'Perum Bumi air Raja Blok A No. 128', '', 'KD A', '', 'K 1', 'Aktif', 1),
('PV000297', '-', 'Rahmanullah', 'Perum Bumi Air Raja belakang bak air', '', 'KD A', '', 'K 1', 'Putus', 1),
('PV000298', '-', 'Yatmi', 'Perum Bumi Air Raja blok C no. 187', '', 'KD A', '', 'K 1', 'Aktif', 1),
('PV000299', '-', 'Suwardi', 'Perum Bumi Air Raja Blok B No. 75', '', 'KD A', '', 'K 1', 'Putus Sementara', 1),
('PV000300', '-', 'Dewita', 'Perum Bumi Air Raja Blok F No. 74', '', 'KD A', '', 'K 1', 'Aktif', 1),
('PV000301', '-', 'Yudi / Nurwahyudi', 'Perum Bumi Air Raja Blok F No. 72', '', 'KD A', '', 'K 1', 'Aktif', 1),
('PV000302', '-', 'Junaidi', 'Perum Bumi Air Raja Blok F No. 148', '', 'KD A', '', 'K 1', 'Aktif', 1),
('PV000303', '-', 'Yudianto', 'Perum Bumi Air Raja Blok C No. 303', '', 'KD A', '', 'K 1', 'Aktif', 1),
('PV000304', '-', 'Wito hardi', 'Perum Bumi Air Raja Blok F No. 81', '', 'KD A', '', 'K 1', 'Aktif', 1),
('PV000305', '-', 'Rosdiana', 'Perum Bumi Air Raja Blok C No. 48', '', 'KD A', '', 'K 1', 'Putus', 1),
('PV000306', '-', 'Johan Firmansyah', 'Perum Bumi Air Raja Blok C No. 47', '', 'KD A', '', 'K 1', 'Putus', 1),
('PV000307', '-', 'Dodi Trisno ', 'Perum Bumi Air Raja Blok F No. 149', '', 'KD A', '', 'K 1', 'Putus', 1),
('PV000308', '-', 'Dwi Murdianti', 'Perum Bumi Air Raja Blok C No. 232', '', 'KD A', '', 'K 1', 'Aktif', 1),
('PV000309', '-', 'Aris Purwanto', 'Perum Bumi Air Raja Blok B No. 66 Hp. 08566636580', '', 'KD A', '', 'K 1', 'Putus', 1),
('PV000310', '-', 'Darlis', 'Perum Bumi Air Raja Blok B No. 119', '', 'KD A', '', 'K 1', 'Putus', 1),
('PV000311', '-', 'Nining', 'Perum Bumi Air Raja Blok A (samping pakde isnen)', '', 'KD A', '', 'K 1', 'Aktif', 1),
('PV000312', '-', 'Dian Sumantri', 'Perum Bumi Air Raja Blok F No. 137', '', 'KD A', '', 'K 1', 'Aktif', 1),
('PV000313', '-', 'Dewi', 'Perum Bumi Air Raja Blok C No. 76 + 157', '', 'KD A', '', 'K 1', 'Aktif', 2),
('PV000314', '-', 'Rikiwandra', 'Perum Bumi Air Raja Blok C No. 88', '', 'KD A', '', 'K 1', 'Putus', 1),
('PV000315', '-', 'Lia / Eko', 'Perum Bumi Air Raja Blok B No. 125', '', 'KD A', '', 'K 1', 'Aktif', 1),
('PV000316', '-', 'Giayanto', 'Perum Bumi Air Raja Blok D No. 46', '', 'KD A', '', 'K 1', 'Putus Sementara', 1),
('PV000317', '-', 'Ichwan', 'Perum Bumi Air Raja Blok D No. 42', '', 'KD A', '', 'K 1', 'Aktif', 1),
('PV000318', '-', 'Silan', 'Perum Bumi Air Raja Blok D No. 45', '', 'KD A', '', 'K 1', 'Putus Sementara', 1),
('PV000319', '-', 'Lusiana', 'Perum Bumi Air Raja Blok C No. 273', '', 'KD A', '', 'K 1', 'Putus', 1),
('PV000320', '-', 'Mudianto', 'Perum Bumi Air Raja Blok A No. 117', '', 'KD A', '', 'K 1', 'Putus', 1),
('PV000321', '-', 'Suratman', 'Perum Bumi Air Raja Blok C No. 66', '', 'KD A', '', 'K 1', 'Putus Sementara', 1),
('PV000322', '-', 'Dermawan', 'Perum Bumi Air Raja Blok C No. 236', '', 'KD A', '', 'K 1', 'Aktif', 1),
('PV000323', '-', 'Desy Sandra Ademarta', 'Perum Bumi Air Raja Blok C No. 55', '', 'KD A', '', 'K 1', 'Aktif', 2),
('PV000324', '-', 'Akeng / Dedy Yanto', 'Perum Bumi Air Raja Blok F No. 58', '', 'KD A', '', 'K 1', 'Aktif', 1),
('PV000325', '-', 'Ali Panjaitan', 'Perum Bumi Air Raja Blok C No. 06 deretan Dalsah', '', 'KD A', '', 'K 1', 'Aktif', 1),
('PV000326', '-', 'Sri Utami', 'Perum Bumi Air Raja Tiung 8 Blok C No. 200', '', 'KD A', '', 'K 1', 'Aktif', 1),
('PV000327', '-', 'Yati', 'Perum Bumi Air Raja Blok C No. 130', '', 'KD A', '', 'K 1', 'Putus', 1),
('PV000328', '-', 'Cakra', 'Perum Bumi Air Raja Blok F No. 82', '', 'KD A', '', 'K 1', 'Aktif', 1),
('PV000329', '-', 'Turip Sutiono', 'Perum Bumi Air Raja Blok D No. 34', '', 'KD A', '', 'K 1', 'Aktif', 1),
('PV000330', '-', 'M. Yusuf', 'Perum Bumi Air Raja Blok A No. 122', '', 'KD A', '', 'K 1', 'Putus', 1),
('PV000331', '-', 'Yusnidar ', 'Perum Bumi Air Raja Blok D No. 147', '', 'KD A', '', 'K 1', 'Aktif', 1),
('PV000332', '-', 'Minar Simanjuntak', 'Perum Bumi Air Raja Blok D No. 116', '', 'KD A', '', 'K 1', 'Aktif', 1),
('PV000333', '-', 'Nurmah', 'Perum Bumi Air Raja Blok A No. 160', '', 'KD A', '', 'K 1', 'Aktif', 1),
('PV000334', '-', 'Johansyah', 'Perum Bumi Air Raja Blok A No. 117', '', 'KD A', '', 'K 1', 'Putus', 1),
('PV000335', '-', 'Mario Manurung', 'Perum Bumi Air Raja Blok F No. 131', '', 'KD A', '', 'K 1', 'Aktif', 1),
('PV000336', '-', 'Novi Lenasari Siagian', 'Perum Bumi Air Raja Blok F No. 203', '', 'KD A', '', 'K 1', 'Aktif', 1),
('PV000337', '-', 'Hartoyo', 'Perum Bumi Air Raja Blok A No. 125', '', 'KD A', '', 'K 1', 'Putus', 1),
('PV000338', '-', 'Ardi', 'Perum Bumi Air Raja Blok C No. 302', '', 'KD A', '', 'K 1', 'Aktif', 1),
('PV000339', '-', 'Sevi Supriyadi', 'Perum Bumi Air Raja Blok C No. 141', '', 'KD A', '', 'K 1', 'Putus', 1),
('PV000340', '-', 'Rio Julianto', 'Perum Bumi Air Raja Blok F No. 138', '', 'KD A', '', 'K 1', 'Aktif', 1),
('PV000341', '-', 'Marbun', 'Perum Bumi Air Raja Blok F No. 211', '', 'KD A', '', 'K 1', 'Putus', 1),
('PV000342', '-', 'Muslim', 'Perum Bumi Air Raja Blok C No. 316', '', 'KD A', '', 'K 1', 'Putus', 1),
('PV000343', '-', 'Ahmad', 'Perum Bumi Air Raja Blok F No. 223', '', 'KD A', '', 'K 1', 'Aktif', 1),
('PV000344', '-', 'Hadi', 'Perum Bumi Air Raja Blok F No. 64', '', 'KD A', '', 'K 1', 'Aktif', 1),
('PV000345', '-', 'Suradi', 'Perum Bumi Air Raja Blok A No. 51', '', 'KD A', '', 'K 1', 'Aktif', 1),
('PV000346', '-', 'R.C. Situmorang', 'Perum Bumi Air Raja Blok A No.', '', 'KD A', '', 'K 1', 'Putus', 1),
('PV000347', '-', 'Rommy', 'Perum Bumi Air Raja Blok F No. 252', '', 'KD A', '', 'K 1', 'Putus', 1),
('PV000348', '-', 'Wella Shandi', 'Perum Bumi Air Raja Blok F No. 111', '', 'KD A', '', 'K 1', 'Aktif', 1),
('PV000349', '-', 'Lastri', 'Perum Bumi Air Raja Blok B No. 106', '', 'KD A', '', 'K 1', 'Putus', 1),
('PV000350', '-', 'Widya Astuti', 'Perum Bumi Air Raja Blok F No. 259', '', 'KD A', '', 'K 1', 'Aktif', 1),
('PV000351', '-', 'Herayadi', 'Perum Bumi Air Raja Blok B No. 115', '', 'KD A', '', 'K 1', 'Aktif', 1),
('PV000352', '-', 'Dunan Simbolon', 'Perum Bumi Air Raja Blok F No. 161', '', 'KD A', '', 'K 1', 'Aktif', 1),
('PV000353', '-', 'Rachmat', 'Perum Bumi Air Raja Blok F No. 146', '', 'KD A', '', 'K 1', 'Aktif', 1),
('PV000354', '-', 'Rahmad Jambek', 'Perum Bumi Air Raja Blok C No. 164', '', 'KD A', '', 'K 1', 'Aktif', 1),
('PV000355', '-', 'Natal Silitonga', 'Perum Bumi Air Raja Blok C No. 77', '', 'KD A', '', 'K 1', 'Putus', 1),
('PV000356', '-', 'Indrah', 'Perum Bumi Air Raja Blok F No. 173', '', 'KD A', '', 'K 1', 'Putus', 1),
('PV000357', '-', 'Ferry', 'Perum Bumi Air Raja Blok D No. 89', '', 'KD A', '', 'K 1', 'Putus', 1),
('PV000358', '-', 'Agus Marpaung', 'Perum Bumi Air Raja Blok F No. 77', '', 'KD A', '', 'K 1', 'Putus', 1),
('PV000359', '-', 'Widya Lestari', 'Perum Bumi Air raja Blok A No. 117', '', 'KD A', '', 'K 1', 'Putus', 1),
('PV000360', '-', 'Surya Mucharar', 'Perum Bumi Air raja Blok C No. 274', '', 'KD A', '', 'K 1', 'Aktif', 1),
('PV000361', '-', 'Waris', 'Perum Bumi Air Raja Blok F No. 84', '', 'KD A', '', 'K 1 / RK', 'Putus', 1),
('PV000362', '-', 'Vega Jumarlia', 'Perum Bumi Air Raja Blok C No. 135', '', 'KD A', '', 'K 1', 'Aktif', 1),
('PV000363', '-', 'Rudy Dekson P.', 'Perum Bumi Air raja Blok B belakang bak air', '', 'KD A', '', 'K 1', 'Putus', 1),
('PV000364', '-', 'Ponimin', 'Perum Bumi Air raja Blok D No. 52', '', 'KD A', '', 'K 1', 'Aktif', 1),
('PV000365', '-', 'Menik Susilowati', 'Perum Bumi Air raja Blok D No. 31', '', 'KD A', '', 'K 1', 'Aktif', 1),
('PV000366', '-', 'Linda', 'Perum Bumi Air Raja Blok A No. 194', '', 'KD A', '', 'K 1', 'Putus', 1),
('PV000367', '-', 'Nuraini', 'Perum Bumi Air Raja Blok F No. 69', '', 'KD A', '', 'K 1', 'Putus Sementara', 1),
('PV000368', '-', 'Eka Sastra', 'Perum Bumi Air Raja Blok A No. 200', '', 'KD A', '', 'K 1', 'Aktif', 1),
('PV000369', '-', 'Supriyanto', 'Perum Bumi Air Raja Blok B No. 124', '', 'KD A', '', 'K 1', 'Putus', 1),
('PV000370', '-', 'Kusindri Astin Fajrin', 'Perum Bumi Air Raja Blok F No. 288', '', 'KD A', '', 'K 1', 'Putus', 1),
('PV000371', '-', 'Atim Sriani', 'Perum Bumi Air Raja Blok F No. 144', '', 'KD A', '', 'K 1', 'Putus', 1),
('PV000372', '-', 'Intan Juwita Sari', 'Perum Bumi Air Raja Blok C No. 213', '', 'KD A', '', 'K 1', 'Putus', 1),
('PV000373', '-', 'Yuan Krisnawati', 'Perum Bumi Air Raja Blok C No. 298', '', 'KD A', '', 'K 1', 'Aktif', 1),
('PV000374', '-', 'Desri Susanto', 'Perum Bumi Air Raja Blok D No. 41', '', 'KD A', '', 'K 1', 'Putus', 1),
('PV000375', '-', 'Abrar', 'Perum Bumi Air Raja Blok D No. 11', '', 'KD A', '', 'K 1', 'Aktif', 1),
('PV000376', '-', 'Sofian Indra', 'Perum Bumi Air Raja Blok F No. 106', '', 'KD A', '', 'K 1', 'Aktif', 1),
('PV000377', '-', 'Hendrayana', 'Perum Bumi Air Raja Blok C No. 82 ( kontrakan )', '', 'KD A', '', 'K 1', 'Putus Sementara', 1),
('PV000378', '-', 'Siti', 'Perum Bumi Air Raja Blok F No. 193', '', 'KD A', '', 'K 1', 'Putus', 1),
('PV000379', '-', 'Raldi', 'Perum Bumi Air Raja Blok C No. 125', '', 'KD A', '', 'K 1', 'Putus', 1),
('PV000380', '-', 'Afrina', 'Perum Bumi Air Raja Blok C No. 223', '', 'KD A', '', 'K 1', 'Aktif', 1),
('PV000381', '-', 'Haryanti', 'Perum Bumi Air Raja Blok C No. 311', '', 'KD A', '', 'K 1', 'Aktif', 1),
('PV000382', '-', 'Novia', 'Perum Bumi Air Raja Blok F No. 66', '', 'KD A', '', 'K 1', 'Aktif', 1),
('PV000383', '-', 'Achmad Budiyanto', 'Perum Bumi Air Raja Blok F No. 75 Bangau II', '', 'KD A', '', 'K 1', 'Putus Sementara', 1),
('PV000384', '-', 'Hamdika', 'Perum KM 16 blkng Sarbini', '', 'KD C', '', 'K 1', 'Putus', 1),
('PV000385', '-', 'Juli Arianto', 'Perum Bumi Air Raja Blok C No. 186', '', 'KD A', '', 'K 1', 'Putus', 1),
('PV000386', '-', 'Susilawati', 'Perum Bumi Air Raja Blok D No. 54', '', 'KD A', '', 'K 1', 'Aktif', 1),
('PV000387', '-', 'Cici Komalasari ', 'Perum Bumi Air Raja Blok B No. 01 Ruko 3 pintu', '', 'KD A', '', 'K 1', 'Putus', 1),
('PV000388', '-', 'Sri Rahayu', 'Perum Bumi Air Raja Blok A No. 64', '', 'KD A', '', 'K 1', 'Putus', 1),
('PV000389', '-', 'Jamilludin', 'Perum Bumi Air Raja Blok A No. 111', '', 'KD A', '', 'K 1', 'Putus', 1),
('PV000390', '-', 'Rachdian Ginanjar', 'Perum Bumi Air Raja Blok F No. 54', '', 'KD A', '', 'K 1', 'Aktif', 1),
('PV000391', '-', 'TR. Koten', 'Pintu Gerbang Perum Bumi Air Raja', '', 'KD A 1', '', 'K 1', 'Aktif', 1),
('PV000392', '-', 'Ayu / pabrik kusen', 'Jl. Raya TanjungUban', '', 'KD A 1', '', 'K 1', 'Putus', 1),
('PV000393', '-', 'Safii      ', 'Bt.15 kp.Air Bukit Rt.5Rw.7 blkng Ayu kusen', '', 'KD A 1', '', 'K 1', 'Aktif', 1),
('PV000394', '-', 'Aziz', 'Jl. Raya Tg uban Ruko no 2 deretan ayu kusen', '', 'KD A 1', '', 'K 1', 'Aktif', 1),
('PV000395', '-', 'Vivin sumanto', 'Jl. Raya Tg.Uban Ruko pak Riko', '', 'KD A 1', '', 'K 1', 'Putus', 1),
('PV000396', '-', 'Sugihartono', 'Jl. Raya Tg.Uban Ruko pak Riko', '', 'KD A 1', '', 'K 1', 'Putus', 1),
('PV000397', '-', 'Dodi subandi', 'Perum Bumi Air Raja blok terapi ion', '', 'KD A 1', '', 'K 1', 'Aktif', 1),
('PV000398', '-', 'Azman 1 ( pelanggan lama )', 'Kp. Bawean blkng Sop Jenggot kontrakan Pak RW', '', 'KD E', '', 'K 1', 'Putus', 1),
('PV000399', '-', 'Ayum Minarti', 'Jl. Raya Tg. Uban smpng ruko Pak Riko sblh kiri Hp. 085264692213', '', 'KD A 1', '', 'K 1', 'Aktif', 1),
('PV000400', '-', 'Wiwik istiarni ( GRATIS / RT )', 'Perum Bumi Air Raja blkng trapi ion ', '', 'KD A 1', '', 'K 1', 'Aktif', 1),
('PV000401', '-', 'Rio ardianto   ', 'Perum Bumi Air Raja Blkng trapi ion', '', 'KD A 1', '', 'K 1', 'Aktif', 1),
('PV000402', '-', 'Sapta Jualian Dino', 'Perum Bumi Air Raja blkng trapi ion', '', 'KD A 1', '', 'K 1', 'Aktif', 1),
('PV000403', '-', 'Bintan Bata / Suradi', 'Jl. Raya Tg. Uban deretan Ayu Minarti', '', 'KD A 1', '', 'K 1', 'Putus Sementara', 1),
('PV000404', '-', 'Rachmat Lutpi Bisono', 'Kp. Air Raja Spg cuci motor Jl. Raya Tg. Uban', '', 'KD A 1', '', 'K 1', 'Aktif', 1),
('PV000405', '-', 'Suhardi', 'Perum Senggarang Permai Blok C No. 32', '', 'KD B', '', 'K 1', 'Aktif', 1),
('PV000406', '-', 'Santi Yusnita', 'Perum Senggarang Permai Blok B No. 11', '', 'KD B', '', 'K 1', 'Aktif', 1),
('PV000407', '-', 'Abdul Wahab', 'Perum Senggarang Permai Blok B No. 09', '', 'KD B', '', 'K 1', 'Aktif', 1),
('PV000408', '-', 'R Eddie Sri Wahjunianto', 'Perum Senggarang Permai Blok B No. 13', '', 'KD B', '', 'K 1', 'Putus', 1),
('PV000409', '-', 'Erwin', 'Perum Senggarang Permai Blok B2 No. 02', '', 'KD B', '', 'K 1', 'Aktif', 1),
('PV000410', '-', 'Purba', 'Perum Senggarang Permai Blok B No. 08 ( warung pinggir jalan )', '', 'KD B', '', 'K 1', 'Aktif', 2),
('PV000411', '-', 'Elva Verlina', 'Perum Senggarang Permai Blok A1 No. 12', '', 'KD B', '', 'K 1', 'Putus', 1),
('PV000412', '-', 'Rici Purba', 'Perum Senggarang Permai Blok A1 No. 11', '', 'KD B', '', 'K 1', 'Putus', 1),
('PV000413', '-', 'Suhardi', 'Perum Senggarang Permai Blok F No. 03', '', 'KD B', '', 'K 1', 'Putus', 1),
('PV000414', '-', 'Wandi', 'Perum Senggarang Permai Blok B No. 43', '', 'KD B', '', 'K 1', 'Aktif', 1),
('PV000415', '-', 'Budiharjo / PS', 'Perum Senggarang Permai Blok C No. 33', '', 'KD B', '', 'K 1', 'Aktif', 1),
('PV000416', '-', 'Azhar', 'Perum Senggarang Permai Blok C No. 27', '', 'KD B', '', 'K 1', 'Putus', 1),
('PV000417', '-', 'Candra Munadi', 'Perum Senggarang Permai Blok C No. 30 ', '', 'KD B', '', 'K 1', 'Putus', 1),
('PV000418', '-', 'Franciscus Septiadi', 'Perum Senggarang Permai Blok D No. 02 ', '', 'KD B', '', 'K 1', 'Putus', 1),
('PV000419', '-', 'Regina Agustina', 'Perum Senggarang Permai Blok B1 No. 08', '', 'KD B', '', 'K 1', 'Putus', 1),
('PV000420', '-', 'Dewi Kusnoputri', 'Perum Senggarang Permai Blok A1 No. 18', '', 'KD B', '', 'K 1', 'Putus Sementara', 1),
('PV000421', '-', 'Yuni', 'Perum Senggarang Permai Blok B1 No. 02', '', 'KD B', '', 'K 1', 'Putus', 1),
('PV000422', '-', 'Sulastri', 'Perum Senggarang Permai Blok A No. 08', '', 'KD B', '', 'K 1', 'Putus', 1),
('PV000423', '-', 'Abdul Kholik', 'Perum Senggarang Permai Blok A No. 12', '', 'KD B', '', 'K 1', 'Putus', 1),
('PV000424', '-', 'Kartini / Nuryazid', 'Perum Senggarang Permai Blok A1 No. 13', '', 'KD B', '', 'K 1', 'Putus', 1),
('PV000425', '-', 'Ical', 'Perum Senggarang Permai Blok L No. 03', '', 'KD B', '', 'K 1', 'Putus', 1),
('PV000426', '-', 'Triman', 'Perum Senggarang Permai Blok B No. 3', '', 'KD B', '', 'K 1', 'Putus Sementara', 1),
('PV000427', '-', 'M. Taufik', 'Perum Senggarang Permai Blok D No. 18', '', 'KD B', '', 'K 1', 'Aktif', 1),
('PV000428', '-', 'Ishak', 'Perum Senggarang Permai Blok E No. 13', '', 'KD B', '', 'K 1', 'Aktif', 1),
('PV000429', '-', 'Miswan', 'Perum Senggarang Permai Blok L No. 02', '', 'KD B', '', 'K 1', 'Aktif', 1),
('PV000430', '-', 'Candra', 'Perum Senggarang Permai Blok J No. 01', '', 'KD B', '', 'K 1', 'Aktif', 1),
('PV000431', '-', 'Uripno', 'Perum Senggarang Permai Blok T No. 13', '', 'KD B', '', 'K 1', 'Aktif', 1),
('PV000432', '-', 'Samiah      ', 'Perum Senggarang Permai Blok U No. 19', '', 'KD B', '', 'K 1', 'Putus Sementara', 1),
('PV000433', '-', 'Nurafifi / Djuhari RT 4', 'Perum Senggarang Permai Blok U No. 17', '', 'KD B', '', 'K 2', 'Aktif', 1),
('PV000434', '-', 'Terik    ', 'Perum Senggarang Permai Blok T No. 20', '', 'KD B', '', 'K 1', 'Putus', 1),
('PV000435', '-', 'T Fridyan', 'Perum Senggarang Permai Blok B No. 14', '', 'KD B', '', 'K 1', 'Aktif', 1),
('PV000436', '-', 'Edwar', 'Perum Senggarang Permai Blok D No. 08', '', 'KD B', '', 'K 1', 'Aktif', 1),
('PV000437', '-', 'Sumarjo', 'Perum Senggarang Permai Blok A1 No. 19', '', 'KD B', '', 'K 1', 'Putus', 1),
('PV000438', '-', 'Esron Manurung', 'Perum Senggarang Permai Blok C No. 05', '', 'KD B', '', 'K 1', 'Aktif', 1),
('PV000439', '-', 'Jonedi', 'Perum Senggarang Permai Blok U No. 05', '', 'KD B', '', 'K 1', 'Putus', 1),
('PV000440', '-', 'Onih', 'Perum Senggarang Permai Blok A1 No. 06', '', 'KD B', '', 'K 1', 'Aktif', 2),
('PV000441', '-', 'Tek Bun', 'Perum Senggarang Permai Blok N No. 09', '', 'KD B', '', 'K 1', 'Putus', 1),
('PV000442', '-', 'Jemijan', 'Perum Senggarang Permai Blok M No. 08', '', 'KD B', '', 'K 1', 'Putus', 1),
('PV000443', '-', 'Sulastri', 'Perum Bumi Air Raja Blok C No. 124', '', 'KD A', '', 'K 1', 'Aktif', 2),
('PV000444', '-', 'Inu Aditia', 'Perum Senggarang Permai Blok U No. 11', '', 'KD B', '', 'K 1', 'Aktif', 1),
('PV000445', '-', 'Rachmad Kusharyadi', 'Perum Senggarang Permai Blok M No. 30', '', 'KD B', '', 'K 1', 'Putus', 1),
('PV000446', '-', 'Rudi Hendri', 'Perum Senggarang Permai Blok S No. 15', '', 'KD B', '', 'K 1', 'Putus', 1),
('PV000447', '-', 'Winsih Halifah', 'Perum Senggarang Permai Blok O No. 15', '', 'KD B', '', 'K 1', 'Aktif', 1),
('PV000448', '-', 'Hari Partakoesoema', 'Perum Senggarang Permai Blok O No. 18', '', 'KD B', '', 'K 1', 'Putus Sementara', 1),
('PV000449', '-', 'Norzan   ', 'Perum Senggarang Permai Blok P No. 11', '', 'KD B', '', 'K 1', 'Putus', 1),
('PV000450', '-', 'Mario', 'Perum Senggarang Permai Blok P No. 08', '', 'KD B', '', 'K 1', 'Aktif', 1),
('PV000451', '-', 'Daniel', 'Perum Senggarang Permai Blok N No. 11', '', 'KD B', '', 'K 1', 'Putus', 1),
('PV000452', '-', 'Agung', 'Perum Senggarang Permai Blok O No. 03', '', 'KD B', '', 'K 1', 'Aktif', 1),
('PV000453', '-', 'Purnama', 'Perum Senggarang Permai Blok R No. 16', '', 'KD B', '', 'K 1', 'Aktif', 2),
('PV000454', '-', 'Juwita', 'Perum Senggarang Permai Blok C No. 13', '', 'KD B', '', 'K 1', 'Putus', 1),
('PV000455', '-', 'Yeni', 'Perum Senggarang Permai Blok A No. 20', '', 'KD B', '', 'K 1', 'Putus', 1),
('PV000456', '-', 'Suryadi Prayetno', 'Perum Senggarang Permai Blok K No. 04', '', 'KD B', '', 'K 1', 'Putus', 1),
('PV000457', '-', 'Nizar Z', 'Perum Senggarang Permai Blok T No. 16', '', 'KD B', '', 'K 1', 'Putus', 1),
('PV000458', '-', 'Ardi Arman', 'Perum Senggarang Permai Blok K No. 02', '', 'KD B', '', 'K 1', 'Aktif', 1),
('PV000459', '-', 'Nanok', 'Perum Senggarang Permai Blok I No. 01', '', 'KD B', '', 'K 1', 'Putus', 1),
('PV000460', '-', 'Dodi', 'Perum Senggarang Permai Blok D No. 06', '', 'KD B', '', 'K 1', 'Aktif', 1),
('PV000461', '-', 'Mobi Priadi', 'Perum Senggarang Permai Blok P No. 06', '', 'KD B', '', 'K 1', 'Putus', 1),
('PV000462', '-', 'Marliana', 'Perum Senggarang Permai Blok D No. 22', '', 'KD B', '', 'K 1', 'Putus', 1),
('PV000463', '-', 'Misno', 'Perum Senggarang Permai Blok R No. 17', '', 'KD B', '', 'K 1', 'Putus', 1),
('PV000464', '-', 'Sinta', 'Perum Senggarang Permai Blok M No. 29', '', 'KD B', '', 'K 1', 'Putus Sementara', 1),
('PV000465', '-', 'Aprizal', 'Perum Senggarang Permai Blok S No. 14', '', 'KD B', '', 'K 1', 'Aktif', 2),
('PV000466', '-', 'Wati', 'Perum Senggarang Permai Blok B  No. 06', '', 'KD B', '', 'K 1', 'Putus', 1),
('PV000467', '-', 'Rahman Setiawan', 'Perum Senggarang Permai Blok B No. 44', '', 'KD B', '', 'K 1', 'Aktif', 1),
('PV000468', '-', 'Abdul Razak Nasution', 'Perum Senggarang Permai Blok N No. 19', '', 'KD B', '', 'K 1', 'Aktif', 1),
('PV000469', '-', 'Kusnadi', 'Perum Senggarang Permai Blok B1 No. 01', '', 'KD B', '', 'K 1', 'Aktif', 1);
INSERT INTO `tmst_pelanggan` (`no_registrasi`, `no_ktp`, `nama_lengkap`, `alamat`, `alamat2`, `kode_daerah`, `no_hp`, `id_kolektor`, `status`, `jenis_pelanggan`) VALUES
('PV000470', '-', 'M. Yuslifa', 'Perum Senggarang Permai Blok C No. 20', '', 'KD B', '', 'K 1', 'Aktif', 1),
('PV000471', '-', 'Nursal', 'Perum Senggarang Permai Blok Q No. 03', '', 'KD B', '', 'K 1', 'Putus', 1),
('PV000472', '-', 'M. Rizal', 'Perum Senggarang Permai Blok P No. 05', '', 'KD B', '', 'K 1', 'Putus', 1),
('PV000473', '-', 'Zaini Mulyani', 'Perum Senggarang Permai Blok C No. 25', '', 'KD B', '', 'K 2', 'Aktif', 1),
('PV000474', '-', 'Yodhy                           ', 'Perum Senggarang Permai Blok C No. 19', '', 'KD B', '', 'K 1', 'Aktif', 1),
('PV000475', '-', 'Arison', 'Perum Senggarang Permai Blok D No. 25 Hp. 081364725781', '', 'KD B', '', 'K 1', 'Aktif', 1),
('PV000476', '-', 'Maslianto', 'Perum Senggarang Permai Blok T No. 19', '', 'KD B', '', 'K 1', 'Aktif', 1),
('PV000477', '-', 'Mirna', 'Perum Senggarang Permai Blok D No. 17', '', 'KD B', '', 'K 1', 'Aktif', 1),
('PV000478', '-', 'Edi', 'Perum Senggarang Permai Blok K No. 13', '', 'KD B', '', 'K 1', 'Aktif', 1),
('PV000479', '-', 'Djunaidi', 'Perum Senggarang Permai Blok B No. 15', '', 'KD B', '', 'K 1', 'Aktif', 1),
('PV000480', '-', 'Sanggam Hutabarat', 'Perum Senggarang Permai Blok O No. 02', '', 'KD B', '', 'K 1', 'Aktif', 1),
('PV000481', '-', 'Lisken sirait', 'Perum Senggarang Permai Blok E No. 09', '', 'KD B', '', 'K 2', 'Aktif', 1),
('PV000482', '-', 'Roni Kusmiran', 'Perum Senggarang Permai Blok J No. 03 Hp. 081364005527', '', 'KD B', '', 'K 1', 'Aktif', 1),
('PV000483', '-', 'Sony', 'Perum Senggarang Permai Blok U No. 03', '', 'KD B', '', 'K 1', 'Putus', 1),
('PV000484', '-', 'Wahono', 'Perum Senggarang Permai Blok A1 No. 09', '', 'KD B', '', 'K 1', 'Aktif', 1),
('PV000485', '-', 'Memes        ', 'Perum Senggarang Permai Blok D No. 04', '', 'KD B', '', 'K 1', 'Putus', 1),
('PV000486', '-', 'Candra Dwi Utama', 'Perum Senggarang Permai Blok C No. 11', '', 'KD B', '', 'K 1', 'Aktif', 1),
('PV000487', '-', 'Nur kholis', 'Perum Senggarang Permai Blok M No. 04', '', 'KD B', '', 'K 1', 'Aktif', 1),
('PV000488', '-', 'Maisaroh', 'Perum Senggarang Permai Blok B1 No. 11', '', 'KD B', '', 'K 1', 'Putus', 1),
('PV000489', '-', 'Sutrisno', 'Perum Senggarang Permai Blok C No. 09', '', 'KD B', '', 'K 1', 'Putus', 1),
('PV000490', '-', 'Fauziah', 'Perum Senggarang Permai Blok L No. 08', '', 'KD B', '', 'K 1', 'Putus', 1),
('PV000491', '-', 'Hairul', 'Perum Senggarang Permai Blok B No. 25', '', 'KD B', '', 'K 1', 'Putus', 1),
('PV000492', '-', 'Elfian', 'Perum Senggarang Permai Blok L No. 05', '', 'KD B', '', 'K 1', 'Aktif', 1),
('PV000493', '-', 'Diana', 'Perum Senggarang Permai Blok C No. 03', '', 'KD B', '', 'K 1', 'Putus', 1),
('PV000494', '-', 'Wadi', 'Perum Senggarang Permai Blok O No. 07', '', 'KD B', '', 'K 1', 'Aktif', 1),
('PV000495', '-', 'Safrizal', 'Perum Senggarang Permai Blok O No. 17', '', 'KD B', '', 'K 1', 'Aktif', 1),
('PV000496', '-', 'Windiarti', 'Perum Senggarang Permai Blok C No. 31', '', 'KD B', '', 'K 1', 'Aktif', 1),
('PV000497', '-', 'S Kalpian Silalahi', 'Perum Senggarang Permai Blok M No. 01', '', 'KD B', '', 'K 1', 'Putus Sementara', 1),
('PV000498', '-', 'Hariyono / RT 3', 'Perum Senggarang Permai Blok K No. 30', '', 'KD B', '', 'K 1', 'Aktif', 1),
('PV000499', '-', 'Anin', 'Perum Senggarang Permai Blok B No. 04', '', 'KD B', '', 'K 1', 'Putus', 1),
('PV000500', '-', 'Kartini ', 'Perum Senggarang Permai Blok B2 No. 03', '', 'KD B', '', 'K 1', 'Aktif', 1),
('PV000501', '-', 'Dwi Purbo Wayono', 'Perum Senggarang Permai Blok B No. 24', '', 'KD B', '', 'K 1', 'Aktif', 1),
('PV000502', '-', 'Kaprawi', 'Perum Senggarang Permai Blok B No. 30', '', 'KD B', '', 'K 1', 'Putus', 1),
('PV000503', '-', 'Jhon Hendri', 'Perum Senggarang Permai Blok C No. 29', '', 'KD B', '', 'K 1', 'Putus', 1),
('PV000504', '-', 'Rajab NST', 'Perum Senggarang Permai Blok E No. 03', '', 'KD B', '', 'K 1', 'Aktif', 1),
('PV000505', '-', 'Jumiati', 'Perum Senggarang Permai Blok A No. 06', '', 'KD B', '', 'K 1', 'Aktif', 1),
('PV000506', '-', 'Istiqamah', 'Perum Senggarang Permai Blok P No. 18', '', 'KD B', '', 'K 1', 'Putus', 1),
('PV000507', '-', 'Ayon Kennedi / ketua RT 2', 'Perum Senggarang Permai Blok D No. 26', '', 'KD B', '', 'K 1', 'Aktif', 1),
('PV000508', '-', 'Agustimar', 'Perum Senggarang Permai Blok D No. 03', '', 'KD B', '', 'K 1', 'Aktif', 1),
('PV000509', '-', 'Ipah ', 'Perum Senggarang Permai Blok A1 No. 25', '', 'KD B', '', 'K 1', 'Putus', 1),
('PV000510', '-', 'Surya Dharma Syahputra', 'Perum Senggarang Permai Blok A No. 08', '', 'KD B', '', 'K 2 / RK', 'Putus', 1),
('PV000511', '-', 'Suroso Usman    ', 'Jl. Raya Tg.Uban simpang Senggarang', '', 'KD B', '', 'K 1', 'Aktif', 1),
('PV000512', '-', 'M. Hardianto', 'Perum Senggarang Permai Blok R No. 15', '', 'KD B', '', 'K 1', 'Aktif', 1),
('PV000513', '-', 'Sanni', 'Perum Senggarang Permai Blok D No. 20', '', 'KD B', '', 'K 1', 'Aktif', 1),
('PV000514', '-', 'Gultom', 'Perum Senggarang Permai Blok A1 No. 02', '', 'KD B', '', 'K 1', 'Putus', 1),
('PV000515', '-', 'Wawan', 'Perum Senggarang Permai Blok T No. 24', '', 'KD B', '', 'K 1', 'Putus', 1),
('PV000516', '-', 'Sunartono', 'Perum Senggarang Permai Blok U No. 14', '', 'KD B', '', 'K 1', 'Aktif', 1),
('PV000517', '-', 'Linda', 'Perum Senggarang Permai Blok C No. 23', '', 'KD B', '', 'K 1', 'Aktif', 1),
('PV000518', '-', 'Amhar', 'Perum Senggarang Permai Blok B No. 48', '', 'KD B', '', 'K 1', 'Aktif', 1),
('PV000519', '-', 'Abdul Rahman', 'Perum Senggarang Permai Blok B No. 47', '', 'KD B', '', 'K 1', 'Putus', 1),
('PV000520', '-', 'Purwanto', 'Perum Senggarang Permai Blok B No. 49', '', 'KD B', '', 'K 1', 'Putus', 1),
('PV000521', '-', 'Halim', 'Perum Senggarang Permai Blok O No. 05', '', 'KD B', '', 'K 1', 'Putus', 1),
('PV000522', '-', 'Afrizal', 'Perum Senggarang Permai Blok G No. 07', '', 'KD B', '', 'K 1', 'Putus', 1),
('PV000523', '-', 'Hartono/bendahara rt 6', 'Perum Senggarang Permai Blok G No. 15', '', 'KD B', '', 'K 1', 'Putus', 1),
('PV000524', '-', 'Ahmad D./sekretaris rt 6', 'Perum Senggarang Permai Blok F No. 13', '', 'KD B', '', 'K 1', 'Aktif', 1),
('PV000525', '-', 'Jekson Sibarani       ', 'Perum Senggarang Permai Blok S No. 9', '', 'KD B', '', 'K 1', 'Putus', 1),
('PV000526', '-', 'Supriyanto', 'Perum Senggarang Permai Blok F No. 10', '', 'KD B', '', 'K 1', 'Aktif', 1),
('PV000527', '-', 'Muhammad Romalisa', 'Perum Senggarang Permai Blok B No. 51', '', 'KD B', '', 'K 1', 'Aktif', 2),
('PV000528', '-', 'Rian Pratama', 'Perum Senggarang Permai Blok N No. 13', '', 'KD B', '', 'K 1', 'Putus', 1),
('PV000529', '-', 'Yunita', 'Pinggir jalan besar', '', 'KD B', '', 'K 1', 'Putus', 1),
('PV000530', '-', 'Wawan', 'Perum Senggarang Permai Blok A 1 No. 08', '', 'KD B', '', 'K 1', 'Putus', 1),
('PV000531', '-', 'Yanto', 'Perum Senggarang Permai Blok D No. 21', '', 'KD B', '', 'K 1', 'Putus', 1),
('PV000532', '-', 'Sony A Kusuma', 'Perum Senggarang Permai Blok A No. 18', '', 'KD B', '', 'K 1', 'Putus', 1),
('PV000533', '-', 'Nuraini  ', 'Perum Senggarang Permai Blok A No. 17', '', 'KD B', '', 'K 1', 'Aktif', 1),
('PV000534', '-', 'Theofinus', 'Perum Senggarang Permai Blok A No. 16', '', 'KD B', '', 'K 1', 'Aktif', 2),
('PV000535', '-', 'M Fachrimansyah', 'Perum Senggarang Permai Blok O No. 13', '', 'KD B', '', 'K 1', 'Aktif', 1),
('PV000536', '-', 'Sakdiah', 'Perum Senggarang Permai Blok V No. 03', '', 'KD B', '', 'K 1', 'Putus', 1),
('PV000537', '-', 'Yuliarman', 'Perum Senggarang Permai Blok N No. 01', '', 'KD B', '', 'K 1', 'Aktif', 1),
('PV000538', '-', 'Rasdi Muchtar', 'Perum Senggarang Permai Blok K No. 23', '', 'KD B', '', 'K 1', 'Aktif', 1),
('PV000539', '-', 'Erfan', 'Perum Senggarang Permai Blok T No. 05', '', 'KD B', '', 'K 1', 'Aktif', 1),
('PV000540', '-', 'Erwan', 'Perum Senggarang Permai Blok T No. 07', '', 'KD B', '', 'K 1', 'Aktif', 1),
('PV000541', '-', 'Ajo', 'Perum Senggarang Permai Ruko No. 08', '', 'KD B', '', 'K 1', 'Putus', 1),
('PV000542', '-', 'Buddy Aditya, SE', 'Perum Senggarang Permai Blok D No. 05', '', 'KD B', '', 'K 1', 'Putus', 1),
('PV000543', '-', 'Ainul', 'Perum Senggarang Permai Blok G No. 14', '', 'KD B', '', 'K 1', 'Putus', 1),
('PV000544', '-', 'Suhendri', 'Perum Senggarang Permai Blok H No. 06', '', 'KD B', '', 'K 1', 'Aktif', 1),
('PV000545', '-', 'Awang', 'Perum Senggarang Permai Blok P No. 28', '', 'KD B', '', 'K 1', 'Aktif', 1),
('PV000546', '-', 'Khotiah / Genda', 'Perum Senggarang Permai Blok A2 No. 20', '', 'KD B', '', 'K 1', 'Putus', 1),
('PV000547', '-', 'Wagimin', 'Perum Senggarang Permai Blok B1 No. 06', '', 'KD B', '', 'K 1', 'Putus', 1),
('PV000548', '-', 'Rizal Prabu', 'Perum Senggarang Permai Blok K No. 09', '', 'KD B', '', 'K 1', 'Aktif', 1),
('PV000549', '-', 'Amren', 'Perum Senggarang Permai Blok B No. 06', '', 'KD B', '', 'K 1', 'Putus', 1),
('PV000550', '-', 'Rudi', 'Perum Senggarang Permai Blok D No. 15', '', 'KD B', '', 'K 1', 'Putus', 1),
('PV000551', '-', 'Ade Tria putri', 'Simpang Senggarang samping bakso suroso', '', 'KD B', '', 'K 1', 'Putus', 1),
('PV000552', '-', 'Bude Kartini', 'Perum Senggarang Permai Blok B1 No. 05', '', 'KD B', '', 'K 1', 'Aktif', 1),
('PV000553', '-', 'Nanok', 'Perum Senggarang Permai Blok A1 No. 07', '', 'KD B', '', 'K 1', 'Aktif', 1),
('PV000554', '-', 'Tomas', 'Perum Senggarang Permai Blok A1 No. 05', '', 'KD B', '', 'K 1', 'Putus', 1),
('PV000555', '-', 'Osa / Wiraksa', 'Perum Bumi Air Raja Blok A No. 117 Hp. 081276294429', '', 'KD A', '', 'K 1', 'Putus', 1),
('PV000556', '-', 'Iskandar', 'Perum Senggarang Permai Blok A No. 28', '', 'KD B', '', 'K 1', 'Putus', 1),
('PV000557', '-', 'Juremi', 'Perum. Senggarang Permai Blok B No. 13', '', 'KD B', '', 'K 1', 'Aktif', 1),
('PV000558', '-', 'Arlan Sitorus', 'Perum. Senggarang Permai Blok C No. 04', '', 'KD B', '', 'K 1', 'Putus', 1),
('PV000559', '-', 'Eko Sudarso', 'Perum. Senggarang Permai Blok B1 No. 10', '', 'KD B', '', 'K 1', 'Aktif', 1),
('PV000560', '-', 'Iis', 'Perum. Senggarang Permai Blok P No. 03', '', 'KD B', '', 'K 1', 'Aktif', 1),
('PV000561', '-', 'Eka Riski A', 'Perum Kenangan Jaya IV Blok E No. 9 - 10', '', 'KD D', '', 'K 1', 'Putus', 1),
('PV000562', '-', 'Maryati   ', 'Perum. Senggarang Permai Blok H No. 07', '', 'KD B', '', 'K 1', 'Putus', 1),
('PV000563', '-', 'Satria Mulyadi K ', 'Perum. Senggarang Permai Blok G No.11', '', 'KD B', '', 'K 1', 'Putus', 1),
('PV000564', '-', 'Kiki Juliyasman', 'Perum. Senggarang Permai Blok B No.38', '', 'KD B', '', 'K 1', 'Putus', 1),
('PV000565', '-', 'Sakban', 'Perum. Senggarang Permai Blok B No.29', '', 'KD B', '', 'K 1', 'Aktif', 1),
('PV000566', '-', 'Kutsiah', 'Perum. Senggarang Permai Blok F No.09', '', 'KD B', '', 'K 1', 'Aktif', 1),
('PV000567', '-', 'Febrian Toni', 'Perum. Senggarang Permai Blok U No.04', '', 'KD B', '', 'K 1', 'Aktif', 1),
('PV000568', '-', 'Ruslan H', 'Perum. Senggarang Permai Blok C No.26', '', 'KD B', '', 'K 1', 'Aktif', 1),
('PV000569', '-', 'Slamat Rianto', 'Perum. Senggarang Permai Blok A 1 No. 22', '', 'KD B', '', 'K 1', 'Aktif', 1),
('PV000570', '-', 'Suwanti/S. Rianto', 'Warung pinnggir jalan, Senggarang', '', 'KD B', '', 'K 2', 'Aktif', 1),
('PV000571', '-', 'Ahmad Rofi Zam Zam', 'Perum. Senggarang Permai Blok E No.18', '', 'KD B', '', 'K 1', 'Putus', 1),
('PV000572', '-', 'Afriadi Permana S', 'Perum. Senggarang Permai Blok G No.10', '', 'KD B', '', 'K 1', 'Aktif', 1),
('PV000573', '-', 'Sugianto', 'Perum. Senggarang Permai Blok S No.02', '', 'KD B', '', 'K 1', 'Aktif', 2),
('PV000574', '-', 'R. Imam Subekti', 'Perum. Senggarang Permai Blok M No.15', '', 'KD B', '', 'K 2', 'Aktif', 1),
('PV000575', '-', 'Darman Saputra   ', 'Perum. Senggarang Permai Blok K No.26', '', 'KD B', '', 'K 1', 'Aktif', 1),
('PV000576', '-', 'Liston Sibarani', 'Perum. Senggarang Permai Blok S No.09', '', 'KD B', '', 'K 1', 'Putus', 1),
('PV000577', '-', 'M. Syahril', 'Perum Senggarang Permai Ruko No. 06', '', 'KD B', '', 'K 1', 'Putus', 1),
('PV000578', '-', 'Sabirin Siregar    ', 'Perum. Senggarang Permai Blok C No.01', '', 'KD B', '', 'K 1', 'Aktif', 1),
('PV000579', '-', 'Maimuna', 'Perum. Senggarang Permai Blok P No.09', '', 'KD B', '', 'K 1', 'Aktif', 1),
('PV000580', '-', 'La Indra', 'Perum Senggarang Permai Blok B 2 No.01', '', 'KD B', '', 'K 1', 'Aktif', 1),
('PV000581', '-', 'Maman Sumardi', 'Perum Senggarang Permai Blok A No. 11', '', 'KD B', '', 'K 1', 'Putus', 1),
('PV000582', '-', 'Rojikan', 'Perum Senggarang Permai Blok V No. 1', '', 'KD B', '', 'K 1', 'Putus', 1),
('PV000583', '-', 'Sunarti ', 'Perum Senggarang Permai Blok U No. 21', '', 'KD B', '', 'K 1', 'Putus', 1),
('PV000584', '-', 'Jafri', 'Perum Senggarang Permai Blok B No. 39', '', 'KD B', '', 'K 1', 'Putus Sementara', 1),
('PV000585', '-', 'Suryan Irwanto S.', 'Perum Senggarang Permai Blok C No. 24', '', 'KD B', '', 'K 1', 'Putus', 1),
('PV000586', '-', 'Purwanto           ', 'Perum Senggarang Permai Blok C No. 04', '', 'KD B', '', 'K 1', 'Putus', 1),
('PV000587', '-', 'Heriyanto', 'Perum Senggarang Permai Blok B1 No. 07', '', 'KD B', '', 'K 1', 'Putus', 1),
('PV000588', '-', 'P. Simanjuntak', 'Perum Senggarang Permai Blok A No. 04', '', 'KD B', '', 'K 1', 'Putus Sementara', 1),
('PV000589', '-', 'Agus Supraptono', 'Perum Senggarang Permai Blok K No. 04', '', 'KD B', '', 'K 1', 'Putus', 1),
('PV000590', '-', 'Tokidin', 'Perum Senggarang Permai Blok R No. 10', '', 'KD B', '', 'K 1', 'Aktif', 1),
('PV000591', '-', 'Mardiana', 'Perum Senggarang Permai Blok A No. 10', '', 'KD B', '', 'K 1', 'Putus', 1),
('PV000592', '-', 'M.N. Saragih', 'Perum Senggarang Permai Blok A I No. 02', '', 'KD B', '', 'K 1', 'Aktif', 1),
('PV000593', '-', 'Hardi   ', 'Perum Senggarang Permai Blok B1 No. 06', '', 'KD B', '', 'K 1', 'Putus', 1),
('PV000594', '-', 'Agus Suroto', 'Perum Senggarang Permai Blok E No. 7', '', 'KD B', '', 'K 1', 'Aktif', 1),
('PV000595', '-', 'Harun Masril     ', 'Perum Senggarang Permai Blok O No.16', '', 'KD B', '', 'K 1', 'Putus', 1),
('PV000596', '-', 'Nuraini', 'Perum Senggarang Permai Blok B1 No.8', '', 'KD B', '', 'K 1', 'Putus Sementara', 1),
('PV000597', '-', 'Dodi Irawan Hasibuan', 'Perum Senggarang Permai Blok L No. 12', '', 'KD B', '', 'K 1', 'Putus', 1),
('PV000598', '-', 'Ema', 'Perum Senggarang Permai Blok B No. 30', '', 'KD B', '', 'K 1', 'Putus', 1),
('PV000599', '-', 'Linda/Mbak dut', 'Perum Senggarang permai Blok B no.40', '', 'KD B', '', 'K 1', 'Putus', 1),
('PV000600', '-', 'Ani ', 'Perum Senggarang Permai Blok A1 No. 14', '', 'KD B', '', 'K 1', 'Aktif', 1),
('PV000601', '-', 'Yuyun Ningsih', 'Perum Senggarang Permai Blok B1 No. 11', '', 'KD B', '', 'K 1', 'Putus', 1),
('PV000602', '-', 'Ucok Saputra', 'Perum Senggarang Permai Blok V No. 03', '', 'KD B', '', 'K 1', 'Aktif', 1),
('PV000603', '-', 'M. Sanir', 'Perum Senggarang Permai Blok D No. 27', '', 'KD B', '', 'K 1', 'Aktif', 1),
('PV000604', '-', 'Alexander       ', 'Perum Senggarang Permai Blok B2 No. 08 Hp. 085263513307', '', 'KD B', '', 'K 2', 'Putus', 1),
('PV000605', '-', 'Erwin', 'Perum Senggarang Permai Blok L No. 3', '', 'KD B', '', 'K 1', 'Aktif', 1),
('PV000606', '-', 'Aceng Supandi  ', 'PerumSenggarang Permai Blok A 1 No.12', '', 'KD B', '', 'K 1', 'Putus', 1),
('PV000607', '-', 'Tiamar', 'Perum Senggarang Permai Blok D No. 28', '', 'KD B', '', 'K 1', 'Aktif', 1),
('PV000608', '-', 'Samsudin', 'PerumSenggarang Permai Blok S no. 9', '', 'KD B', '', 'K 1', 'Putus', 1),
('PV000609', '-', 'Sayed muktar', 'Perum Senggarang Permai Blok V No.09', '', 'KD B', '', 'K 2', 'Aktif', 1),
('PV000610', '-', 'M.ali', 'Perum Senggarang permai Blok N no.10', '', 'KD B', '', 'K 1', 'Putus', 1),
('PV000611', '-', 'Yanto    ', 'Perum Senggarang permai Blok B 1 no 04', '', 'KD B', '', 'K 1', 'Putus', 1),
('PV000612', '-', 'Novrianto', 'Perum Senggarang permai Blok U No.21', '', 'KD B', '', 'K 1', 'Putus Sementara', 1),
('PV000613', '-', 'Darmansyah / utang 5 - 12', 'Perum Senggarang Permai  Blok T No 16-17', '', 'KD B', '', 'K 1', 'Putus', 1),
('PV000614', '-', 'Basri ( hutagalung )', 'Perum Senggarang permai Blok L No. 12', '', 'KD B', '', 'K 1', 'Putus', 1),
('PV000615', '-', 'Suryadi  ', 'Perum Senggarang permai Blok B no 33', '', 'KD B', '', 'K 1', 'Putus', 1),
('PV000616', '-', 'pujiati', 'PerumSenggarang Permai Blok  B  No.17', '', 'KD B', '', 'K 1', 'Putus', 1),
('PV000617', '-', 'Ridani', 'Perum Senggarang Permai Blok  C No. 16', '', 'KD B', '', 'K 1', 'Aktif', 1),
('PV000618', '-', 'Gusnawati', 'Jl. Tg.Uban samping B roso', '', 'KD B', '', 'K 1', 'Putus', 1),
('PV000619', '-', 'Mahaudi      ', 'PerumSenggarang Permai Blok  A.1 no 1', '', 'KD B', '', 'K 1', 'Putus', 1),
('PV000620', '-', 'Joni', 'PerumSenggarang Permai Blok B  no 1', '', 'KD B', '', 'K 1', 'Putus', 1),
('PV000621', '-', 'B. Sitorus', 'Jl. Tg.Uban Gg. Kolap  KM 15', '', 'KD B', '', 'K 1', 'Aktif', 1),
('PV000622', '-', 'Jamilah', 'Perum Senggarang Permai Blok  B 1 No. 12', '', 'KD B', '', 'K 1', 'Aktif', 1),
('PV000623', '-', 'Afri Gafur', 'PerumSenggarang Permai Blok  M No 5', '', 'KD B', '', 'K 1', 'Putus Sementara', 1),
('PV000624', '-', 'Aci santania   ', 'PerumSenggarang Permai Blok  B1 No 02', '', 'KD B', '', 'K 1', 'Putus', 1),
('PV000625', '-', 'Agus Suroto', 'PerumSenggarang Permai Blok  B No 30', '', 'KD B', '', 'K 1', 'Aktif', 1),
('PV000626', '-', 'Hendri / eva', 'PerumSenggarang Permai Blok  F No 05', '', 'KD B', '', 'K 1', 'Aktif', 1),
('PV000627', '-', 'Debi Yalmi', 'Perum Senggarang Permai Blok  F No 07', '', 'KD B', '', 'K 2', 'Aktif', 1),
('PV000628', '-', 'Adi Suprayetno', 'Perum Senggarang Permai Blok R No. 09', '', 'KD B', '', 'K 1', 'Aktif', 1),
('PV000629', '-', 'Diana', 'Perum Senggarang Permai Blok C No. 03 ', '', 'KD B', '', 'K 1', 'Putus', 1),
('PV000630', '-', 'Suharto', 'Perum Senggarang Permai Blok I No. 06', '', 'KD B', '', 'K 2 / RK', 'Aktif', 1),
('PV000631', '-', 'Agung Prakasa', 'Perum Senggarang Permai Blok B No. 28', '', 'KD B', '', 'K 1', 'Putus', 1),
('PV000632', '-', 'Urbanus Male ', 'Perum Senggarang Permai Blok B2 No. 06 ', '', 'KD B', '', 'K 1', 'Aktif', 1),
('PV000633', '-', 'Bu Dewi', 'JL. Raya senggarang warung pinggir jalan', '', 'KD B', '', 'K 1', 'Putus Sementara', 1),
('PV000634', '-', 'Ameng Sumantri', 'Perum Senggarang Permai Blok E No. 12', '', 'KD B', '', 'K 1', 'Aktif', 1),
('PV000635', '-', 'Saparudin', 'Perum Senggarang Permai Blok B No. 23', '', 'KD B', '', 'K 1', 'Putus Sementara', 1),
('PV000636', '-', 'Bitner Siahaan', 'Jl. Raya Senggarang dpn pintu gerbang', '', 'KD B', '', 'K 1', 'Aktif', 1),
('PV000637', '-', 'Anto Manulang', 'Jl. Raya Senggarang dpn pintu gerbang', '', 'KD B', '', 'K 1', 'Aktif', 1),
('PV000638', '-', 'Megawani', 'Perum Senggarang Permai Blok B. No. 20', '', 'KD B', '', 'K 1', 'Putus', 1),
('PV000639', '-', 'Doni Romaito B', 'Perum Senggarang Permai Blok D. No. 15', '', 'KD B', '', 'K 1', 'Putus', 1),
('PV000640', '-', 'Wiwif Yudiawati', 'Perum Senggarang Permai Blok D No. 15', '', 'KD B', '', 'K 1', 'Putus', 1),
('PV000641', '-', 'Imelda Sibarani', 'Perum Senggarang Permai Blok T No. 25', '', 'KD B', '', 'K 1', 'Putus Sementara', 1),
('PV000642', '-', 'Agus Setiawan', 'Perum Senggarang Permai Blok C No. 15', '', 'KD B', '', 'K 1', 'Putus', 1),
('PV000643', '-', 'Evi Setiani', 'Perum Senggarang Permai Blok F No. 06', '', 'KD B', '', 'K 1', 'Aktif', 1),
('PV000644', '-', 'Fitri Handayani', 'Perum Senggarang Permai Blok U No. 09', '', 'KD B', '', 'K 1', 'Putus', 1),
('PV000645', '-', 'Ramlan', 'Perum Senggarang Permai Blok B No. 16', '', 'KD B', '', 'K 1', 'Putus', 1),
('PV000646', '-', 'Nurvina Suzanti', 'Perum Senggarang Permai Blok T No. 15', '', 'KD B', '', 'K 1', 'Aktif', 1),
('PV000647', '-', 'M. Surianto, S. ST', 'Perum Senggarang Permai Blok T no. 20', '', 'KD B', '', 'K 1', 'Putus', 1),
('PV000648', '-', 'Herman Pratama', 'Perum Senggarang Permai Blok B no. 05', '', 'KD B', '', 'K 1', 'Putus', 1),
('PV000649', '-', 'Mahmuddin', 'Perum Senggarang Permai Blok H No. 11', '', 'KD B', '', 'K 1', 'Aktif', 1),
('PV000650', '-', 'Abdul Fatah', 'Perum Senggarang Permai Blok H No. 07', '', 'KD B', '', 'K 1', 'Putus', 1),
('PV000651', '-', 'Deden', 'Perum Senggarang Permai Blok P No. 21', '', 'KD B', '', 'K 2', 'Aktif', 1),
('PV000652', '-', 'Muhammad sah gani', 'Perum Senggarang Permai Blok T No. 14', '', 'KD B', '', 'K 1', 'Aktif', 2),
('PV000653', '-', 'Yudi', 'Perum Senggarang Permai Blok O No. 12', '', 'KD B', '', 'K 1', 'Putus', 1),
('PV000654', '-', 'Imaslina', 'Perum Senggarang Permai Blok Q No. 01', '', 'KD B', '', 'K 2 / RK', 'Aktif', 1),
('PV000655', '-', 'Syamsul Bahri', 'Perum Senggarang Permai Blok O No. 06', '', 'KD B', '', 'K 1', 'Putus', 1),
('PV000656', '-', 'Yani', 'Perum Senggarang Permai Blok P No. 22', '', 'KD B', '', 'K 1', 'Putus', 1),
('PV000657', '-', 'R. Helmi', 'Perum Senggarang Permai Blok D No. 5', '', 'KD B', '', 'K 1', 'Aktif', 1),
('PV000658', '-', 'Hartutik Kelopasari', 'Perum Senggarang Permai Blok L No. 30', '', 'KD B', '', 'K 1', 'Putus', 1),
('PV000659', '-', 'Adam', 'Perum Senggarang Permai Blok H No. 4', '', 'KD B', '', 'K 1', 'Putus', 1),
('PV000660', '-', 'Fernando Silalahi', 'Perum Senggarang Permai Blok D No. 9', '', 'KD B', '', 'K 1', 'Putus', 1),
('PV000661', '-', 'Abdi Susanto', 'Perum Senggarang Permai Blok P No. 19', '', 'KD B', '', 'K 1', 'Putus Sementara', 1),
('PV000662', '-', 'Abdul Kasid', 'Perum Senggarang Permai Blok P No. 22', '', 'KD B', '', 'K 1', 'Putus', 1),
('PV000663', '-', 'Suryati', 'Perum Senggarang Permai Blok K No. 20', '', 'KD B', '', 'K 1', 'Aktif', 1),
('PV000664', '-', 'Agnes', 'Perum Senggarang Permai Blok P No. 01', '', 'KD B', '', 'K 1', 'Putus Sementara', 1),
('PV000665', '-', 'Ruben Limbongan ( utang 27/1 )', 'Perum Senggarang Permai Blok A1 No. 01', '', 'KD B', '', 'K 1', 'Putus', 1),
('PV000666', '-', 'Dermanto Sembiring', 'Perum Senggarang Permai Blok A No. 09', '', 'KD B', '', 'K 1', 'Putus', 1),
('PV000667', '-', 'Muji', 'Perum Senggarang Permai Blok U No. 03', '', 'KD B', '', 'K 1', 'Putus Sementara', 1),
('PV000668', '-', 'Mulani', 'Jl. Raya Tg. Uban KM 15 dpn K. Lurah / warung', '', 'KD B', '', 'K 1', 'Putus', 1),
('PV000669', '-', 'Muhammad Junizar', 'Perum Senggarang Permai Blok M No. 20', '', 'KD B', '', 'K 1', 'Putus', 1),
('PV000670', '-', 'R. Imam Subekti', 'Perum Senggarang Permai Ruko No. 07', '', 'KD B', '', 'K 1', 'Putus', 1),
('PV000671', '-', 'Suhaimi', 'Perum Senggarang Permai Blok V No. 04', '', 'KD B', '', 'K 1', 'Aktif', 1),
('PV000672', '-', 'Asung/Tk. Cahaya Kaca', 'Perum Senggarang Permai Blok A I No. 15', '', 'KD B', '', 'K 1', 'Aktif', 1),
('PV000673', '-', 'Winardi', 'Perum Senggarang Permai Blok T No. 09', '', 'KD B', '', 'K 1', 'Aktif', 1),
('PV000674', '-', 'Ervan Fanani', 'Perum Senggarang Permai Blok K No. 27', '', 'KD B', '', 'K 2 / RK', 'Aktif', 1),
('PV000675', '-', 'Unang Suprihatin S.', 'Perum Senggarang Permai Blok B No. 26', '', 'KD B', '', 'K 1', 'Aktif', 1),
('PV000676', '-', 'Rahman', 'Perum Senggarang Permai Blok F No. 12', '', 'KD B', '', 'K 1', 'Aktif', 1),
('PV000677', '-', 'Presti Susilawati', 'Perum Senggarang Permai Blok H No. 02', '', 'KD B', '', 'K 1', 'Aktif', 1),
('PV000678', '-', 'Fika Irliyanti', 'Perum Senggarang Permai Blok L No. 11', '', 'KD B', '', 'K 1', 'Putus', 1),
('PV000679', '-', 'Burhan', 'Jl. Raya Tg. Uban KM 15 Gg. Lokalisasi', '', 'KD B', '', 'K 1', 'Aktif', 1),
('PV000680', '-', 'Ron Widodo', 'Perum Senggarang Permai Blok T No. 10', '', 'KD B', '', 'K 1', 'Aktif', 1),
('PV000681', '-', 'Isak Bin Wandi', 'Jl. Raya Tg. Uban KM 15 samping bakso Suroso Usman', '', 'KD B', '', 'K 2', 'Aktif', 1),
('PV000682', '-', 'Parjio', 'Perum Senggarang Permai Blok B No. 36', '', 'KD B', '', 'K 1', 'Aktif', 1),
('PV000683', '-', 'Sumardi', 'Perum Senggarang Permai Blok R No. 03', '', 'KD B', '', 'K 1', 'Aktif', 1),
('PV000684', '-', 'Anarahmi', 'Perum Senggarang Permai Blok B No. 19', '', 'KD B', '', 'K 1', 'Putus Sementara', 1),
('PV000685', '-', 'Agus Kusnendar', 'Perum Senggarang Permai Blok A I No. 05', '', 'KD B', '', 'K 1', 'Putus', 1),
('PV000686', '-', 'Heryanto', 'Perum Senggarang Permai Blok K No. 14', '', 'KD B', '', 'K 1', 'Putus', 1),
('PV000687', '-', 'Dodi Feri Yunanda', 'Perum Senggarang Permai Blok N No. 16', '', 'KD B', '', 'K 1', 'Putus Sementara', 1),
('PV000688', '-', 'Moh. Rohim', 'Jl. Raya Tg. Uban KM 15 dpn Kantor Lurah (warung)', '', 'KD B', '', 'K 1', 'Putus Sementara', 1),
('PV000689', '-', 'Rosadi', 'Jln. Tg. Uban Komplek Perum 16 No. 26', '', 'KD C', '', 'K 1', 'Aktif', 1),
('PV000690', '-', 'Pani', 'Jln. Tg. Uban No. 30 sblm pom bensin', '', 'KD C', '', 'K 1', 'Putus', 1),
('PV000691', '-', 'Ariyan', 'Jln. Raya Tg. Uban km.16 simp.Toapaya', '', 'KD C', '', 'K 1', 'Aktif', 1),
('PV000692', '-', 'SPBU Km.16', 'Jln. Raya Tg. Uban km.16', '', 'KD C', '', 'K 1', 'Putus', 1),
('PV000693', '-', 'Herawati', 'Jln.Tg.Uban Komplek Perum16 Rt.3/Rw.1', '', 'KD C', '', 'K 1', 'Aktif', 1),
('PV000694', '-', 'Yamin', 'Jln.Tg.Uban Komplek Perum16 Rt.2/Rw.1', '', 'KD C', '', 'K 1', 'Putus', 1),
('PV000695', '-', 'Amih', 'Jln.Tg.Uban Komplek Perum16 Rt.2/Rw.1', '', 'KD C', '', 'K 1', 'Aktif', 1),
('PV000696', '-', 'Aas', 'Jln.Tg.Uban Komplek Perum16 Rt.2/Rw.1', '', 'KD C', '', 'K 1', 'Aktif', 1),
('PV000697', '-', 'Arsad', 'Jln.Tg.Uban Komplek Perum16 Rt.2/Rw.1', '', 'KD C', '', 'K 1', 'Aktif', 1),
('PV000698', '-', 'Markus', 'Jln.Tg.Uban Komplek Perum16 Rt.2/Rw.1', '', 'KD C', '', 'K 1', 'Putus', 1),
('PV000699', '-', 'Castini', 'Jln.Tg.Uban Komplek Perum16 Rt.2/Rw.1', '', 'KD C', '', 'K 1', 'Aktif', 1),
('PV000700', '-', 'Suhendra', 'Jln.Tg.Uban Komplek Perum16 Rt.2/Rw.1', '', 'KD C', '', 'K 1', 'Aktif', 2),
('PV000701', '-', 'Sarto', 'Jln.Tg.Uban Komplek Perum16 Rt.2/Rw.1', '', 'KD C', '', 'K 1', 'Aktif', 2),
('PV000702', '-', 'Ghesa Jandriani Edison', 'Jln.Tg.Uban Komplek Perum16 Rt.2/Rw.1', '', 'KD C', '', 'K 1', 'Putus', 1),
('PV000703', '-', 'Frans', 'Jln.Tg.Uban Komplek Perum16 Rt.3/Rw.1', '', 'KD C', '', 'K 1', 'Aktif', 1),
('PV000704', '-', 'Lilis Misna', 'Jln.Tg.Uban Komplek Perum16 Rt.2/Rw.1', '', 'KD C', '', 'K 1', 'Putus', 1),
('PV000705', '-', 'Sarah    ', 'Jln.Tg.Uban Komplek Perum16 Rt.2/Rw.1', '', 'KD C', '', 'K 1', 'Putus Sementara', 1),
('PV000706', '-', 'Asril', 'Jln.Tg.Uban Komplek Perum16 Rt.2/Rw.1', '', 'KD C', '', 'K 1', 'Putus', 1),
('PV000707', '-', 'Kusnadi', 'Jln. Raya Tg. Uban km.16 Ruko No. 72', '', 'KD C', '', 'K 1', 'Putus', 1),
('PV000708', '-', 'Boneng / Nengsih', 'Jln. Raya Tg. Uban km.16 blkng  Ayong', '', 'KD C', '', 'K 1', 'Aktif', 2),
('PV000709', '-', 'Ahua', 'Jln.Tg.Uban Komplek Perum16 Rt.2/Rw.1', '', 'KD C', '', 'K 1', 'Putus', 1),
('PV000710', '-', 'Julfianti', 'Jln.Tg.Uban Komplek Perum16 Rt.2/Rw.1', '', 'KD C', '', 'K 1', 'Putus', 1),
('PV000711', '-', 'Acok', 'Perum Green Land Blok D No. 3 Tg.Uban', '', 'KD C', '', 'K 1', 'Putus', 1),
('PV000712', '-', 'Harianto / Ayong', 'Jln.Tg.Uban Komplek Perum16 Rt.2/Rw.1', '', 'KD C', '', 'K 1', 'Aktif', 1),
('PV000713', '-', 'Siti Musa Yadah', 'Jln.Tg.Uban Komplek Perum16 Rt.2/Rw.1', '', 'KD C', '', 'K 1', 'Putus', 1),
('PV000714', '-', 'Nengsi', 'Jln.Tg.Uban Komplek Perum16 Rt.3/Rw.1', '', 'KD C', '', 'K 1', 'Putus', 1),
('PV000715', '-', 'Heri Roeland', 'Jln.Tg.Uban Komplek Perum16 Rt.3/Rw.1', '', 'KD C', '', 'K 1', 'Putus', 1),
('PV000716', '-', 'Baiman', 'Jln.Tg.Uban Komplek Perum16 Rt.3/Rw.1', '', 'KD C', '', 'K 1', 'Putus', 1),
('PV000717', '-', 'Aceng', 'Jln.Tg.Uban Komplek Perum16 Rt.3/Rw.1', '', 'KD C', '', 'K 1', 'Putus', 1),
('PV000718', '-', 'Tasli', 'Jln.Tg.Uban Komplek Perum16 Rt.3/Rw.1', '', 'KD C', '', 'K 1', 'Aktif', 2),
('PV000719', '-', 'Acuan', 'Jln.Tg.Uban Komplek Perum16 Rt.3/Rw.1', '', 'KD C', '', 'K 1', 'Putus', 1),
('PV000720', '-', 'M. Omri', 'Jln.Tg.Uban Komplek Perum16 Rt.3/Rw.1', '', 'KD C', '', 'K 1', 'Putus', 1),
('PV000721', '-', 'Chries', 'Jln.Tg.Uban Komplek Perum16 Rt.3/Rw.1', '', 'KD C', '', 'K 1', 'Putus Sementara', 1),
('PV000722', '-', 'Yono', 'Jln.Tg.Uban Komplek Perum16 Rt.2/Rw.1', '', 'KD C', '', 'K 1', 'Aktif', 1),
('PV000723', '-', 'Siska', 'Jln.Tg.Uban Komplek Perum16 Rt.3/Rw.1', '', 'KD C', '', 'K 1', 'Aktif', 1),
('PV000724', '-', 'Alexander', 'Jln.Tg.Uban Komplek Perum16 Rt.6/Rw.2', '', 'KD C', '', 'K 1', 'Aktif', 1),
('PV000725', '-', 'Ali', 'Jln.Tg.Uban Komplek Perum16 Rt.6/Rw.2', '', 'KD C', '', 'K 1', 'Aktif', 1),
('PV000726', '-', 'Umi Jepin', 'Jln.Tg.Uban Komplek Perum16 Rt.2/Rw.1', '', 'KD C', '', 'K 1', 'Aktif', 1),
('PV000727', '-', 'Bu Yati', 'Jln.Tg.Uban Komplek Perum16 Rt.2/Rw.1', '', 'KD C', '', 'K 1', 'Aktif', 1),
('PV000728', '-', 'Damsik', 'Jln.Tg.Uban Komplek Perum16 Rt.2/Rw.1', '', 'KD C', '', 'K 1', 'Putus', 1),
('PV000729', '-', 'Lai Sun / Toko Material', 'Jl. Raya Tg.Uban samping SPBU', '', 'KD C', '', 'K 1', 'Putus', 1),
('PV000730', '-', 'Lai Kau', 'Jl. Raya Tg.Uban samping SPBU', '', 'KD C', '', 'K 1', 'Aktif', 1),
('PV000731', '-', 'Asni', 'Jl. Raya Tg.Uban samping Bidan Lita', '', 'KD C', '', 'K 1', 'Aktif', 1),
('PV000732', '-', 'Rosina', 'Jln.Tg.Uban Komplek Perum16 Rt.2/Rw.1', '', 'KD C', '', 'K 1', 'Aktif', 1),
('PV000733', '-', 'Bidan Lita', 'Jl. Raya Tg.Uban kampung simpangan', '', 'KD C', '', 'K 1', 'Aktif', 1),
('PV000734', '-', 'Dedi Supratman', 'Jln.Tg.Uban Komplek Perum16 Rt.2/Rw.1', '', 'KD C', '', 'K 1', 'Putus', 1),
('PV000735', '-', 'Mulyadi', 'Jln.Tg.Uban Komplek Perum16 Rt.2/Rw.1', '', 'KD C', '', 'K 1', 'Aktif', 1),
('PV000736', '-', 'Iman', 'Jln.Tg.Uban Komplek Perum16 Rt.2/Rw.1', '', 'KD C', '', 'K 1', 'Aktif', 5),
('PV000737', '-', 'Ismas binti Salkom   ', 'Jln.Tg.Uban Komplek Perum16 Rt.7/Rw.2', '', 'KD C', '', 'K 1', 'Putus', 1),
('PV000738', '-', 'asep ts  ', 'Jln.Tg.Uban Komplek Perum16 Rt.4/Rw.1', '', 'KD C', '', 'K 1', 'Aktif', 1),
('PV000739', '-', 'Wahoirudin / Ketua RW. 01', 'Jl. Raya Tg.Uban dekat Masjid km. 16', '', 'KD C', '', 'K 1', 'Aktif', 1),
('PV000740', '-', 'Keamanan km.16', 'Jln.Tg.Uban Komplek Perum 16 ', '', 'KD C', '', 'K 1', 'Putus', 1),
('PV000741', '-', 'Nasif', 'Jl. Tg.uban komplek perumahan km.16', '', 'KD C', '', 'K 2', 'Aktif', 1),
('PV000742', '-', 'Purba', 'Jl. Tg.uban komplek perumahan km.16', '', 'KD C', '', 'K 1', 'Aktif', 1),
('PV000743', '-', 'Lita', 'Jl. Tg.uban komplek perumahan km.16', '', 'KD C', '', 'K 1', 'Putus Sementara', 1),
('PV000744', '-', 'Sarbini       ', 'Komp. Perum 16', '', 'KD C', '', 'K 1', 'Aktif', 1),
('PV000745', '-', 'Sarkim', 'Jl. Tg.uban komplek perumahan km.16', '', 'KD C', '', 'K 1', 'Aktif', 1),
('PV000746', '-', 'Harianto/Ahong', 'Jl. Tg.uban komplek perumahan km.16', '', 'KD C', '', 'K 1', 'Putus', 1),
('PV000747', '-', 'Redi', 'Jl. Tg.uban komplek perumahan km.16', '', 'KD C', '', 'K 1', 'Putus', 1),
('PV000748', '-', 'Zaimah', 'Perum Green Land', '', 'KD C', '', 'K 1', 'Putus', 1),
('PV000749', '-', 'Yasin', 'Jl. Tg.uban komplek perumahan km.16', '', 'KD C', '', 'K 2', 'Aktif', 2),
('PV000750', '-', 'Amir', 'Jln.Tg.Uban Komplek Perum16 Rt.3/Rw.1', '', 'KD C', '', 'K 1', 'Putus', 1),
('PV000751', '-', 'Yeni', 'Jln.Tg.Uban Komplek Perum16 Rt.3/Rw.1', '', 'KD C', '', 'K 1', 'Aktif', 1),
('PV000752', '-', 'Dede Suryana', 'Jln.Tg.Uban Komplek Perum16 Rt.3/Rw.1', '', 'KD C', '', 'K 1', 'Putus Sementara', 1),
('PV000753', '-', 'Frengki', 'Jln.Tg.Uban Komplek Perum16 Rt.3/Rw.1', '', 'KD C', '', 'K 1', 'Aktif', 1),
('PV000754', '-', 'Ahua', 'Ruko pinggir jalan tg. Uban', '', 'KD C', '', 'K 1', 'Putus', 1),
('PV000755', '-', 'Reni', 'Jl. Tg.uban komplek perumahan km.16', '', 'KD C', '', 'K 1', 'Putus', 1),
('PV000756', '-', 'Yadi', 'Jl. Tg.uban komplek perumahan km.16', '', 'KD C', '', 'K 1', 'Aktif', 1),
('PV000757', '-', 'Heri    ', 'Simpang gerbang II km.16', '', 'KD C', '', 'K 1', 'Putus', 1),
('PV000758', '-', 'Tani Yunani', 'Jl. Tg.uban komplek perumahan km.16', '', 'KD C', '', 'K 1', 'Aktif', 1),
('PV000759', '-', 'Ade Triaputri', 'Jl. Tg.Uban simpang senggarang', '', 'KD C', '', 'K 1', 'Putus', 1),
('PV000760', '-', 'Yono', 'Kp. Simpangan Keibun KM 16 rmh kontrakan 3 pintu', '', 'KD G', '', 'K 1', 'Putus', 1),
('PV000761', '-', 'Ani', 'Gapura II blkng rmh Heri km.16', '', 'KD C', '', 'K 1', 'Aktif', 1),
('PV000762', '-', 'Ahmed', 'Jl. Raya TanjungUban deretan bidan Lita', '', 'KD C', '', 'K 1', 'Aktif', 1),
('PV000763', '-', 'Cinta', 'Jl. Raya TanjungUban samping gerbang II', '', 'KD C', '', 'K 1', 'Aktif', 1),
('PV000764', '-', 'Ibu Darsih', 'Komplek perum 16 dpn rmh Baiman', '', 'KD C', '', 'K 1', 'Aktif', 1),
('PV000765', '-', 'Sriyati      ', 'Komplek 16 samping rmh Nasif', '', 'KD C', '', 'K 1', 'Putus Sementara', 1),
('PV000766', '-', 'Akuang', 'Komplek 16 samping rmh Aai', '', 'KD C', '', 'K 1', 'Putus', 1),
('PV000767', '-', 'Pak Darman', 'Jln. Tg.Uban simpang Ceruk Ijuk', '', 'KD C', '', 'K 1', 'Aktif', 1),
('PV000768', '-', 'Sugeng  ', 'Komplek Perum 16 gerbang 2', '', 'KD C', '', 'K 1', 'Putus', 1),
('PV000769', '-', 'Mukri', 'Jl.Tg.Uban Komp. Perum Km.16 dpn acuang', '', 'KD C', '', 'K 1', 'Aktif', 1),
('PV000770', '-', 'Rahmadi', 'Jl.Tg.Uban Komp. Perum Km.16 dpn Damsik', '', 'KD C', '', 'K 1', 'Putus', 1),
('PV000771', '-', 'Erwin', 'Jl.Tg.Uban Komp. Perum Km.16 deret Nasif', '', 'KD C', '', 'K 1', 'Aktif', 1),
('PV000772', '-', 'Warih Herman', 'Jl.Tg.Uban Komp. Perum Km.16 dpn ps lama', '', 'KD C', '', 'K 1', 'Putus Sementara', 1),
('PV000773', '-', 'Ida', 'Jl.Tg.Uban Komp. Perum Km.16 smpg pk alex', '', 'KD C', '', 'K 1', 'Aktif', 1),
('PV000774', '-', 'Pak Undik', 'Jl.Tg.Uban Komp. Perum Km.16 dpn pk kades', '', 'KD C', '', 'K 1', 'Aktif', 1),
('PV000775', '-', 'Saim', 'Jl.Tg.Uban Komp. Perum Km.16 blkng rmh amir', '', 'KD C', '', 'K 1', 'Putus', 1),
('PV000776', '-', 'Maryati/Sanim', 'Jl.Tg.Uban Komp. Perum Km.16 blkng rmh amir', '', 'KD C', '', 'K 1', 'Aktif', 1),
('PV000777', '-', 'Jeck', 'Jl.Tg.Uban Komp. Perum Km.16 blkng rmh amir', '', 'KD C', '', 'K 1', 'Aktif', 1),
('PV000778', '-', 'Lilis', 'Komp. Perum 16 Perum Acok', '', 'KD C', '', 'K 1 / RK', 'Putus', 1),
('PV000779', '-', 'Mansyur   ', 'Jl.Tg.Uban Komp. Perum Km.16 blkng rmh amir', '', 'KD C', '', 'K 1', 'Putus Sementara', 1),
('PV000780', '-', 'Ibu Mulyati', 'Jl.Tg.Uban Komp. Perum Km.16 blkng rmh pani', '', 'KD C', '', 'K 1', 'Putus', 1),
('PV000781', '-', 'Sarah', 'Jln Tg.Uban Ruko No. 05', '', 'KD C', '', 'K 1', 'Putus Sementara', 1),
('PV000782', '-', 'Inah', 'Jl.Tg.Uban Komp. Perum Km.16 depan pwr suplay', '', 'KD C', '', 'K 1', 'Putus', 1),
('PV000783', '-', 'Taufik', 'Jl. Tanjunguban ruko no.1', '', 'KD C', '', 'K 1', 'Putus', 1),
('PV000784', '-', 'A. Rianto', 'Kp. Simpangan gerbang II blkng Sugeng', '', 'KD C', '', 'K 1', 'Aktif', 1),
('PV000785', '-', 'Yani / Mariyani', 'Komplek Perum KM 16 samping Siman', '', 'KD C', '', 'K 1', 'Aktif', 1),
('PV000786', '-', 'Ridwan', 'Komp. Km.16 samping power suply lama', '', 'KD C', '', 'K 1', 'Putus', 1),
('PV000787', '-', 'Rita Gipet', 'Perum Komp. 16 samping Frengki', '', 'KD C', '', 'K 1', 'Aktif', 1),
('PV000788', '-', 'Tison Perangin Angin', 'Km.16 dpn Isma binti Salkom', '', 'KD C', '', 'K 1', 'Aktif', 1),
('PV000789', '-', 'Aling Ameng', 'Komp. Perum.16 samping Rt.Aca', '', 'KD C', '', 'K 1', 'Pindah', 1),
('PV000790', '-', 'Yatna', 'Kampung simpangan km.16 gerbang 2', '', 'KD C', '', 'K 1', 'Aktif', 1),
('PV000791', '-', 'Giselsa    ', 'Komp.perum.16 depan kades/kos', '', 'KD C', '', 'K 1', 'Putus', 1),
('PV000792', '-', 'Yanti', 'Jl.Tanjunguban pencucian motor', '', 'KD C', '', 'K 1', 'Putus', 1),
('PV000793', '-', 'Joko/Can Akho', 'Komplek Perum. 16 belakang Arsad', '', 'KD C', '', 'K 1', 'Putus', 1),
('PV000794', '-', 'Roni Satria', 'Komplek Perum.16 gerbang II', '', 'KD C', '', 'K 1', 'Aktif', 1),
('PV000795', '-', 'Hendra Paulus', 'Jl.Komp km.16 depan jack', '', 'KD C', '', 'K 1', 'Aktif', 1),
('PV000796', '-', 'Markus   ', 'Komp. Perum 16 samping ibu Aas', '', 'KD C', '', 'K 1', 'Putus', 1),
('PV000797', '-', 'Kong tet ( Apong )', 'Kp. Simpangan KM. 16 rt. 01 rw. 01 dpn. A. Rianto', '', 'KD C', '', 'K 1', 'Pindah', 1),
('PV000798', '-', 'Salamudin', 'Jl. Tanjung Uban Ruko No.5 deretan Ariyan', '', 'KD C', '', 'K 1', 'Aktif', 1),
('PV000799', '-', 'Eren              ', 'Jl.Tg.uban Ruko No. 4 samping Markus', '', 'KD C', '', 'K 1', 'Putus', 1),
('PV000800', '-', 'Yani Abdul Aziz', 'Jl. Tg. Uban Komp Perum 16 blkng Baiman', '', 'KD C', '', 'K 1', 'Aktif', 1),
('PV000801', '-', 'Erwin Deni Umbara', 'Jl.tg uban komp. Perum 16 depan bu darti', '', 'KD C', '', 'K 1', 'Putus', 1),
('PV000802', '-', 'Erwanto Jaya', 'kota perum 16 depan bu yati', '', 'KD C', '', 'K 1', 'Aktif', 1),
('PV000803', '-', 'Martini', 'Komp perum 16 samping RT safi\'i', '', 'KD C', '', 'K 1', 'Aktif', 1),
('PV000804', '-', 'Dewi jarimah', 'Jl.tg uban Ruko no 16', '', 'KD C', '', 'K 1', 'Putus', 1),
('PV000805', '-', 'Arif Murwanto', 'Komp 16 smping isma binti solihun', '', 'KD C', '', 'K 1', 'Aktif', 1),
('PV000806', '-', 'Sri ', 'Komp 16 kost dpn kades no 01', '', 'KD C', '', 'K 1', 'Putus', 1),
('PV000807', '-', 'Eko sampurno', 'Jl. Tg.Uban gerbang II samping cinta', '', 'KD C', '', 'K 1', 'Aktif', 1),
('PV000808', '-', 'Ahi ( Toko Berkat )', 'Komp. Perum KM 16 deretan sarah', '', 'KD C', '', 'K 1', 'Aktif', 1),
('PV000809', '-', 'Apri Susanti', 'blok riah Alex Bt.16', '', 'KD C', '', 'K 1', 'Aktif', 1),
('PV000810', '-', 'Andri jaya', 'Komp 16 samping kades warung', '', 'KD C', '', 'K 1', 'Aktif', 1),
('PV000811', '-', 'wiwin', 'komp 16 blok Rahmadi', '', 'KD C', '', 'K 1', 'Aktif', 1),
('PV000812', '-', 'Andis', 'Perum 16 gapura II rumah Heri', '', 'KD C', '', 'K 1', 'Putus', 1),
('PV000813', '-', 'Sri Ratna', 'Jl. Raya Tg. Uban  Gapura II KM 16', '', 'KD C', '', 'K 1', 'Aktif', 1),
('PV000814', '-', 'Adek / Minas', 'Jl. Tanjunguban ruko 16 samping zaki farma', '', 'KD C', '', 'K 1', 'Putus', 1),
('PV000815', '-', 'Alex', 'Komp. 16 samping power suplai lama', '', 'KD C', '', 'K 1', 'Putus', 1),
('PV000816', '-', 'Sukirman', 'Jl. Tg. Uban Ruko sebelah kanan', '', 'KD C', '', 'K 1', 'Aktif', 1),
('PV000817', '-', 'Syarif Irvan', 'Komp. Perum 16 Kp. Simpangan rt 5 / 7', '', 'KD C', '', 'K 1', 'Aktif', 1),
('PV000818', '-', 'Jeje', 'Komp. Perum 16 Kp. Simpangan dpn Syarif', '', 'KD C', '', 'K 1', 'Aktif', 1),
('PV000819', '-', 'Wali Sapriwan', 'Jl. Tg. Uban Komp. 16 blkng rumah Pak Alex', '', 'KD C', '', 'K 1', 'Putus Sementara', 1),
('PV000820', '-', 'Riswan / HSK', 'Jl. Raya Tg. Uban Spg Ruko Sukirman', '', 'KD C', '', 'K 1', 'Putus', 1),
('PV000821', '-', 'Alwi / Nurhikmahwati', 'Perum Korem No. 03 samping Sumiati', '', 'KD C', '', 'K 1', 'Aktif', 1),
('PV000822', '-', 'Rusly', 'Komp. Perum 16 Tg. Uban dpn Paulus', '', 'KD C', '', 'K 2', 'Aktif', 1),
('PV000823', '-', 'Iwan', 'Jl. Tg. Uban Komp. Perum 16 spg kongtet', '', 'KD C', '', 'K 1', 'Putus', 1),
('PV000824', '-', 'Muhamad Ikhsan', 'Jl. Tg. Uban komp 16 samping frengki', '', 'KD C', '', 'K 1', 'Aktif', 1),
('PV000825', '-', 'Ibu Wani', 'Komp. 16 samping arif murwanto', '', 'KD C', '', 'K 1', 'Aktif', 1),
('PV000826', '-', 'Erna / Abl Latif', 'Jl. Tg. Uban komp. Perum 16 rmh Damsik', '', 'KD C', '', 'K 1', 'Aktif', 1),
('PV000827', '-', 'Aldi. K / RT GRATIS s/d juli 2020', 'Komp. Perum 16 spng hendra paulus', '', 'KD C', '', 'K 1', 'Aktif', 1),
('PV000828', '-', 'Lina', 'Kp. Simpangan KM 16 ( sebelah kos2an)', '', 'KD C', '', 'K 1', 'Aktif', 1),
('PV000829', '-', 'Saeful Anwar', 'KM 16 samping ahmid komp. Perum 16', '', 'KD C', '', 'K 1', 'Aktif', 1),
('PV000830', '-', 'Wiji Wibowo', 'Kp. Simpangan KM 16', '', 'KD C', '', 'K 1', 'Aktif', 1),
('PV000831', '-', 'Herwanto', 'Komp. Perum 16 spg power suplai lama', '', 'KD C', '', 'K 1', 'Aktif', 1),
('PV000832', '-', 'Maryati / ani', 'Komp. Perum 16 kost depan kades no.', '', 'KD C', '', 'K 1', 'Putus', 1),
('PV000833', '-', 'Nawi', 'Komp. Perum 16', '', 'KD C', '', 'K 1', 'Aktif', 1),
('PV000834', '-', 'Yati', 'Jl. Tg. Uban Komp. Perum 16 spg Hendra P', '', 'KD C', '', 'K 1', 'Aktif', 1),
('PV000835', '-', 'Yusuf', 'Komp. 16 spg roni satria', '', 'KD C', '', 'K 1', 'Putus', 1),
('PV000836', '-', 'Toni', 'Komp. Perum 16 depan P\' Alex', '', 'KD C', '', 'K 1', 'Aktif', 1),
('PV000837', '-', 'Atam', 'Komp. Perum 16 kontrakan P\' Rindon', '', 'KD C', '', 'K 1', 'Aktif', 1),
('PV000838', '-', 'Fitri', 'Kontrakan Pak Rindon No. 4 KM 16', '', 'KD C', '', 'K 1', 'Putus', 1),
('PV000839', '-', 'Sumarno', 'Jl. Raya TU Kp. Simpangan KM 16 Spg teralis las', '', 'KD C', '', 'K 1', 'Aktif', 1),
('PV000840', '-', 'Suryaningsih', 'Komp. Perum 16 blkng Wali Sapriawan', '', 'KD C', '', 'K 1', 'Aktif', 1),
('PV000841', '-', 'Bpk. Uweng', 'Jl. Raya Tg. Uban dpn ibu Darsih komp Perum 16', '', 'KD C', '', 'K 1', 'Aktif', 1),
('PV000842', '-', 'A. Nurman Bin Iyan', 'Jl. Raya Tg. Uban Komp Perum 16 samping Yono', '', 'KD C', '', 'K 1', 'Aktif', 1),
('PV000843', '-', 'Shohibul Assro', 'Jl. Raya Tg. Uban KM 16 sebelah knn deretan RM. Padang', '', 'KD C', '', 'K 2', 'Aktif', 1),
('PV000844', '-', 'Muhamad Aris', 'Jl. Raya Tg. Uban Gg. Bambu Kuning Gerbang 2 rmh Heri', '', 'KD C', '', 'K 1', 'Putus', 1),
('PV000845', '-', 'Aryadi ', 'Jl. Raya Tg. Uban KM 16 blkng rmh Yadi', '', 'KD C', '', 'K 1', 'Putus', 1),
('PV000846', '-', 'Rudi Arosi', 'Jl. Raya Tg. Uban Komp. Perum 16 dpn PS Ibu Sukirman', '', 'KD C', '', 'K 1', 'Aktif', 1),
('PV000847', '-', 'Julpianti', 'Jl. Raya Tg. Uban KM 16 dpn NOT ruko Ibu Sukirman', '', 'KD C', '', 'K 1', 'Putus', 1),
('PV000848', '-', 'Armadani', 'Perum Bumi Air Raja Blok C ', '', 'KD A', '', 'K 1', 'Putus', 1),
('PV000849', '-', 'Darjat', 'KM 16 Kp. Simpangan sblh rmh RT 6 / dpn Toni', '', 'KD C', '', 'K 1', 'Putus', 1),
('PV000850', '-', 'Muhamad Agus Salim N.', 'Perum Kenangan Jaya IV Blok B No. 21', '', 'KD D', '', 'K 1', 'Aktif', 1),
('PV000851', '-', 'Sumardi', 'Perum Kenangan Jaya IV Blok A No. 16', '', 'KD D', '', 'K 1', 'Aktif', 1),
('PV000852', '-', 'Waito', 'Perum Kenangan Jaya IV Blok D No. 22', '', 'KD D', '', 'K 1', 'Putus', 1),
('PV000853', '-', 'Tendri B', 'Perum Kenangan Jaya IV Blok C No. 27', '', 'KD D', '', 'K 1', 'Putus Sementara', 1),
('PV000854', '-', 'M. Syahidin', 'Perum Kenangan Jaya IV Blok B No. 07', '', 'KD D', '', 'K 1', 'Aktif', 1),
('PV000855', '-', 'Sumarno    ', 'Perum kenangan Jaya IV Blok. A No.08', '', 'KD D', '', 'K 1', 'Aktif', 1),
('PV000856', '-', 'Asmar', 'Perum Kenangan Jaya IV Blok A No. 01', '', 'KD D', '', 'K 1', 'Putus', 1),
('PV000857', '-', 'Dody Hariadi', 'Perum Kenangan Jaya IV Blok D No. 27', '', 'KD D', '', 'K 1', 'Putus Sementara', 1),
('PV000858', '-', 'Ihsan Boby', 'Perum Kenangan Jaya IV Blok A No. 02', '', 'KD D', '', 'K 1', 'Putus', 1),
('PV000859', '-', 'Heri Amrizal', 'Perum Kenangan Jaya IV Blok C No. 16', '', 'KD D', '', 'K 1', 'Aktif', 1),
('PV000860', '-', 'Anjar Dwi Nanto', 'Perum Kenangan Jaya IV Blok C No. 25', '', 'KD D', '', 'K 1', 'Putus', 1),
('PV000861', '-', 'Joko Riswanto', 'Perum Kenangan Jaya IV Blok E No. 22', '', 'KD D', '', 'K 1', 'Putus', 1),
('PV000862', '-', 'Kasidin', 'Perum Kenangan Jaya IV Blok A No. 18', '', 'KD D', '', 'K 1', 'Aktif', 1),
('PV000863', '-', 'Dedi Irawan', 'Perum Kenangan Jaya IV Blok B No. 09', '', 'KD D', '', 'K 1', 'Aktif', 1),
('PV000864', '-', 'Dasmawati', 'Perum Kenangan Jaya IV Blok D No. 06', '', 'KD D', '', 'K 1', 'Aktif', 1),
('PV000865', '-', 'Rudi Oktavialam', 'Perum Kenangan Jaya IV Blok B No. 15', '', 'KD D', '', 'K 1', 'Aktif', 2),
('PV000866', '-', 'Fredi manurung', 'Perum Kenangan Jaya IV Blok A No. 17', '', 'KD D', '', 'K 1', 'Putus', 1),
('PV000867', '-', 'Mutohar                          ', 'Perum Bumi Air Raja Blok B dekat Lurah', '', 'KD D', '', 'K 1', 'Putus Sementara', 1),
('PV000868', '-', 'Imam Hidayat', 'Perum Kenangan Jaya IV Blok E No. 23', '', 'KD D', '', 'K 1', 'Aktif', 1),
('PV000869', '-', 'Yarman', 'Perum Kenangan Jaya IV Blok C No. 05', '', 'KD D', '', 'K 1', 'Putus', 1),
('PV000870', '-', 'Sudana', 'Perum Kenangan Jaya IV Blok E No. 12', '', 'KD D', '', 'K 1', 'Aktif', 1),
('PV000871', '-', 'Muhammad Arif    ', 'Perum Kenangan Jaya IV Blok D No. 01', '', 'KD D', '', 'K 1', 'Putus Sementara', 1),
('PV000872', '-', 'Syawaluddin', 'Perum Kenangan Jaya IV Blok A No. 21', '', 'KD D', '', 'K 1', 'Aktif', 1),
('PV000873', '-', 'Yan   ', 'Perum Kenangan Jaya IV Blok A No. 15', '', 'KD D', '', 'K 1', 'Putus Sementara', 1),
('PV000874', '-', 'Renny', 'Perum Kenangan Jaya IV Blok B No. 10', '', 'KD D', '', 'K 1', 'Aktif', 1),
('PV000875', '-', 'Syah Ilham', 'Perum Kenangan Jaya IV Blok B No. 20', '', 'KD D', '', 'K 1', 'Putus', 1),
('PV000876', '-', 'Nurhidayani', 'Perum Kenangan Jaya IV Blok A No. 24', '', 'KD D', '', 'K 1', 'Aktif', 1),
('PV000877', '-', 'Ratna Wati', 'Perum Kenangan Jaya IV Blok B No. 02', '', 'KD D', '', 'K 2 / RK', 'Putus Sementara', 1),
('PV000878', '-', 'Syairi Akhmad', 'Perum Kenangan Jaya IV Blok E No.04', '', 'KD D', '', 'K 1', 'Putus', 1),
('PV000879', '-', 'Mangapul Sirait', 'Perum Kenangan Jaya IV Blok A No. 14', '', 'KD D', '', 'K 1', 'Aktif', 1),
('PV000880', '-', 'Sugiyo', 'Perum Kenangan Jaya IV Blok C No. 02 Hp. 081277576874', '', 'KD D', '', 'K 1', 'Putus', 1),
('PV000881', '-', 'Ade Offerin', 'Perum Kenangan Jaya IV Blok C No.01', '', 'KD D', '', 'K 1', 'Putus', 1),
('PV000882', '-', 'Ayu    ', 'Perum Kenangan Jaya IV Blok  A No. 1', '', 'KD D', '', 'K 1', 'Putus', 1),
('PV000883', '-', 'Anto Mangunsong  ', 'Perum Kenangan Jaya IV Blok  A no 14', '', 'KD D', '', 'K 1', 'Putus', 1),
('PV000884', '-', 'Syamartin indra.P. Nst    ', 'Perum Kenangan Jaya IV Blok  C no 09', '', 'KD D', '', 'K 1', 'Putus', 1),
('PV000885', '-', 'Pridin Sinaga', 'Perum Kenangan Jaya IV Blok  D no 20', '', 'KD D', '', 'K 1', 'Aktif', 1),
('PV000886', '-', 'Susi Oktavia', 'Perum Kenangan Jaya IV Blok A no 03', '', 'KD D', '', 'K 1', 'Putus', 1),
('PV000887', '-', 'Eko Sugiarto', 'Perum kenangan jaya IV  Blok A. No 25', '', 'KD D', '', 'K 1', 'Putus', 1),
('PV000888', '-', 'Amang', 'Perum Korem Griya Indomulya Blok F No. 07 spg Samino', '', 'KD G 1', '', 'K 1', 'Putus', 1),
('PV000889', '-', 'Fitri', 'Perum Kenangan Jaya IV Blok D No. 12', '', 'KD D', '', 'K 1', 'Aktif', 1),
('PV000890', '-', 'Erwin Sihombing ', 'Perum Kenangan Jaya IV Blok C No. 10', '', 'KD D', '', 'K 1', 'Putus', 1),
('PV000891', '-', 'Oman', 'Perum Kenangan Jaya IV Blok B No. 3', '', 'KD D', '', 'K 1', 'Aktif', 1),
('PV000892', '-', 'Meihaslinda', 'Perum Kenangan Jaya IV Blok D No. 09', '', 'KD D', '', 'K 1', 'Aktif', 1),
('PV000893', '-', 'Gerda', 'Perum Kenangan Jaya IV Blok A No. 02', '', 'KD D', '', 'K 1', 'Putus Sementara', 1),
('PV000894', '-', 'Zelfi Edawati', 'Perum Kenangan Jaya IV Blok D No. 03', '', 'KD D', '', 'K 1', 'Putus', 1),
('PV000895', '-', 'Silvester Florianus', 'Perum Kenangan Jaya IV Blok D No. 25', '', 'KD D', '', 'K 1', 'Aktif', 1),
('PV000896', '-', 'Candra Herman', 'Perum Kenangan Jaya IV Blok A No. 02', '', 'KD D', '', 'K 1', 'Putus', 1),
('PV000897', '-', 'Aisun', 'Perum Kenangan Jaya IV Blok E No. 27', '', 'KD D', '', 'K 1', 'Aktif', 1),
('PV000898', '-', 'Jupri Saputra', 'Perum Kenangan Jaya IV Blok C No. 23', '', 'KD D', '', 'K 1', 'Aktif', 1),
('PV000899', '-', 'Dody Syafriady', 'Perum Kenangan Jaya IV Blok D No. 11', '', 'KD D', '', 'K 1', 'Aktif', 1),
('PV000900', '-', 'Doria Fitri S. Sos', 'Perum Kenangan Jaya IV Blok D No. 04', '', 'KD D', '', 'K 1', 'Aktif', 1),
('PV000901', '-', 'Yadi', 'Perum Kenangan Jaya IV Blok C No. 01', '', 'KD D', '', 'K 1', 'Putus', 1),
('PV000902', '-', 'Dewiq', 'Perum Kenangan Jaya IV Blok A No. 2', '', 'KD D', '', 'K 1', 'Putus', 1),
('PV000903', '-', 'Oji', 'Perum Kenangan Jaya IV Blok C No. 12', '', 'KD D', '', 'K 1', 'Putus', 1),
('PV000904', '-', 'Warung sop P Jenggot', 'Jl. Raya Tanjunguban km.15', '', 'KD E', '', 'K 2', 'Putus Sementara', 1),
('PV000905', '-', 'Ayu     ', 'Kp. Bawean blkng Sop Pk. Jenggot', '', 'KD E', '', 'K 1', 'Aktif', 1),
('PV000906', '-', 'Jimi / Rahmadi', 'Kp. Bawangan samping rmh Ayu', '', 'KD E', '', 'K 1', 'Putus Sementara', 1),
('PV000907', '-', 'Sadawi', 'Kp. Banjar blkng sop pak jenggot', '', 'KD E', '', 'K 1', 'Aktif', 1),
('PV000908', '-', 'Salmiyah', 'Kp. Banjar blkng sop pak jenggot', '', 'KD E', '', 'K 2', 'Aktif', 2),
('PV000909', '-', 'Pak Eko RW', 'Kp. Bawangan blkng Sop Pk. Jenggot', '', 'KD E', '', 'K 1', 'Aktif', 2),
('PV000910', '-', 'Hasan A Hamid ', 'Kp. Banjar belakang sop pak jenggot', '', 'KD E', '', 'K 1', 'Putus', 1),
('PV000911', '-', 'Syahril bin yusuf                ', 'Perum BAR Kp.bawangan blkng P\' jenggot', '', 'KD E', '', 'K 1', 'Putus', 1),
('PV000912', '-', 'Nurdin', 'Jl. Uban Gg, Bawean No 11', '', 'KD E', '', 'K 1', 'Putus', 1),
('PV000913', '-', 'Mexori sinaga', 'Kp.bawean depan sadaw no 24       ', '', 'KD E', '', 'K 1', 'Aktif', 1),
('PV000914', '-', 'Suradi', 'Kp.bawean samping aex                 ', '', 'KD E', '', 'K 1', 'Aktif', 1),
('PV000915', '-', 'Nigarod simanjutak', 'Kp. Bawean bawah p.sadawi no 28       ', '', 'KD E', '', 'K 1', 'Aktif', 1),
('PV000916', '-', 'Gunawan', 'Kp Bawean buk ayu s. jenggot', '', 'KD E', '', 'K 1', 'Aktif', 1),
('PV000917', '-', 'Lukman kianaly', 'Kp Bawean blk ayu ', '', 'KD E', '', 'K 1', 'Aktif', 1),
('PV000918', '-', 'Yahya', 'Kp Bawean bwh ayu                            ', '', 'KD E', '', 'K 1', 'Aktif', 1),
('PV000919', '-', 'Hamdan', 'Kp. Banjar Gg. Bawean blkng Sop Jenggot spng Syahputra', '', 'KD E', '', 'K 1', 'Putus', 1),
('PV000920', '-', 'Hendra Syam', 'Kp. Bawean blok sop pak jenggot blok RT', '', 'KD E', '', 'K 1', 'Putus Sementara', 1),
('PV000921', '-', 'Ramses Haritonang       ', 'Kp. Bawean Blok sop pak jenggot', '', 'KD E', '', 'K 1', 'Putus', 1),
('PV000922', '-', 'suyanto', 'Kp. Bawean sop pak jenggot blok RT', '', 'KD E', '', 'K 1', 'Aktif', 1),
('PV000923', '-', 'Agus', 'Kp. Bawean Blok Sop Pak Jenggot sp pos', '', 'KD E', '', 'K 1', 'Putus', 1),
('PV000924', '-', 'Bobidul', 'Kp. Bawean belakang sadawi    ', '', 'KD E', '', 'K 1', 'Putus Sementara', 1),
('PV000925', '-', 'Pendi Permana', 'Kp. Bawean Blok Sop Pak Jenggot atas Yahya', '', 'KD E', '', 'K 1', 'Putus Sementara', 1),
('PV000926', '-', 'Salman', 'Kp. Bawean Blk Sop jenggot dpn RT', '', 'KD E', '', 'K 1', 'Aktif', 1),
('PV000927', '-', 'Dulrahman', 'Kp. Bawean Blk. Sop jenggot dpn yahya', '', 'KD E', '', 'K 1', 'Putus', 1),
('PV000928', '-', 'Indra Purnama', 'Gg. Bawean no. 5 ( belakang sop jenggot )', '', 'KD E', '', 'K 1', 'Putus', 1),
('PV000929', '-', 'Arief Sanca Wikanda', 'Kp. Bawean blkng sop jenggot', '', 'KD E', '', 'K 1', 'Aktif', 1),
('PV000930', '-', 'Alfian', 'Kp. Bawean blkng sop jenggot', '', 'KD E', '', 'K 1', 'Aktif', 1),
('PV000931', '-', 'Tutiani', 'Kp. Bawean blkng sop jenggot s/p lukman', '', 'KD E', '', 'K 1', 'Aktif', 1),
('PV000932', '-', 'Fahmi', 'Kp. Bawean blkng sop jenggot', '', 'KD E', '', 'K 1', 'Putus', 1),
('PV000933', '-', 'Yaman', 'Kp. Bawean blkg sop jenggot spg yanto', '', 'KD E', '', 'K 1', 'Aktif', 1);
INSERT INTO `tmst_pelanggan` (`no_registrasi`, `no_ktp`, `nama_lengkap`, `alamat`, `alamat2`, `kode_daerah`, `no_hp`, `id_kolektor`, `status`, `jenis_pelanggan`) VALUES
('PV000934', '-', 'Suhandi', 'Kp. Banjar Air Raja Gg. Bawean No. 04 sop jenggot', '', 'KD E', '', 'K 1', 'Putus', 1),
('PV000935', '-', 'Rustam', 'Kp. Bawean blkg sop jenggot blkng yanto', '', 'KD E', '', 'K 1', 'Aktif', 1),
('PV000936', '-', 'Nusariadi', 'GG. Bawean No. 5 A ( PAUD ) Blk. Sop Jenggot', '', 'KD E', '', 'K 1', 'Aktif', 1),
('PV000937', '-', 'Ali / Meslawati Silalahi', 'Jl. Raya Tg. Uban Bengkel motor sebelah Sop Pak Jenggot', '', 'KD E', '', 'K 2', 'Aktif', 1),
('PV000938', '-', 'Rahmatullah', 'Kp. Bawean blkng Sop Jenggot blk Yahya', '', 'KD E', '', 'K 1', 'Putus Sementara', 1),
('PV000939', '-', 'Erizon', 'Jl. Raya Tg. Uban KM 15 samping sop jenggot', '', 'KD E', '', 'K 1', 'Putus', 1),
('PV000940', '-', 'Mujiono', 'Kp. Bawean Blkng Sop Pak Jenggot spg Pak Eko', '', 'KD E', '', 'K 1', 'Putus', 1),
('PV000941', '-', 'Salman I', 'Kp. Banjar Air Raja Gg. Bawean blkng sop jenggot', '', 'KD E', '', 'K 1', 'Putus Sementara', 1),
('PV000942', '-', 'Taufik Efendi  ', 'Perum Bumi Air Raja Blok F No. 165', '', 'KD A', '', 'K 1', 'Aktif', 1),
('PV000943', '-', 'Gita Maria  ', 'Perum Puri Kencana depan Amri', '', 'KD F', '', 'K 1', 'Aktif', 1),
('PV000944', '-', 'Mestika Hati', 'Perum Puri Kencana Blok F No. 22A', '', 'KD F', '', 'K 2', 'Putus', 1),
('PV000945', '-', 'Handoko K.H', 'Perum Puri Kencana Blok E No.19', '', 'KD F', '', 'K 1', 'Aktif', 1),
('PV000946', '-', 'Caryati', 'Perum Puri Kencana Blok E No.18', '', 'KD F', '', 'K 1', 'Putus', 1),
('PV000947', '-', 'Rianti', 'Perum Puri Kencana Blok E NO.03', '', 'KD F', '', 'K 1', 'Putus', 1),
('PV000948', '-', 'Selvia P.M', 'Perum puri kencana blok E no 02', '', 'KD F', '', 'K 1', 'Aktif', 1),
('PV000949', '-', 'Nimik Hartini', 'Perum puri kencana blok E no 06', '', 'KD F', '', 'K 1', 'Putus', 1),
('PV000950', '-', 'Jhon kenedi', 'Perum puri kencana blok F no 10', '', 'KD F', '', 'K 1', 'Putus Sementara', 1),
('PV000951', '-', 'Srimanto', 'Perum puri kencana blok D no 21', '', 'KD F', '', 'K 1', 'Putus', 1),
('PV000952', '-', 'Sutrisman/amid', 'Perum puri kencana blok G', '', 'KD F', '', 'K 1', 'Putus', 1),
('PV000953', '-', 'Ali sodikin', 'Perum Puri kencana Blok F no 09', '', 'KD F', '', 'K 1', 'Putus', 1),
('PV000954', '-', 'Rizam', 'Perum Puri kencana Blok F no 11', '', 'KD F', '', 'K 1', 'Aktif', 1),
('PV000955', '-', 'Ahmad', 'Perum Puri kencana Blk G no 05', '', 'KD F', '', 'K 1', 'Aktif', 1),
('PV000956', '-', 'Ardiansyah', 'Perum Puri kencana Blok F no 04', '', 'KD F', '', 'K 1', 'Aktif', 1),
('PV000957', '-', 'Baharudin', 'Perum Puri Kencana Blok F No. 1', '', 'KD F', '', 'K 1', 'Putus Sementara', 1),
('PV000958', '-', 'Adi Suparno', 'Perum Puri Kencana Blok F No. 21', '', 'KD F', '', 'K 1', 'Putus Sementara', 1),
('PV000959', '-', 'Irli Kurniawati', 'Perum Puri Kencana Blok G No. 3', '', 'KD F', '', 'K 1', 'Putus', 1),
('PV000960', '-', 'Marni Sinaga', 'Perum Puri Kencana Blok G No. 12 A', '', 'KD F', '', 'K 1', 'Putus', 1),
('PV000961', '-', 'Heri Pajari Yulianto', 'Perum Puri Kencana Blok E No. 20', '', 'KD F', '', 'K 1', 'Putus', 1),
('PV000962', '-', 'Yanti', 'Perum Puri Kencana Blok G No. 07', '', 'KD F', '', 'K 1', 'Putus', 1),
('PV000963', '-', 'Edi Suparjo', 'Perum Puri Kencana Blok E No. 20', '', 'KD F', '', 'K 1', 'Putus', 1),
('PV000964', '-', 'Udin', 'Perum Puri Kencana Blok E No. 22', '', 'KD F', '', 'K 1', 'Putus', 1),
('PV000965', '-', 'Nurianto', 'Perum Puri Kencana Blok F No. 19', '', 'KD F', '', 'K 1', 'Putus', 1),
('PV000966', '-', 'Medri Osno', 'Perum Puri Kencana Blakang Blok E No. 12 A', '', 'KD F', '', 'K 1', 'Aktif', 1),
('PV000967', '-', 'Fenni', 'Perum Puri Kencana Blok D No. 12B', '', 'KD F', '', 'K 1', 'Putus Sementara', 1),
('PV000968', '-', 'Martinus', 'Perum Puri Kencana Blok D No. 01', '', 'KD F', '', 'K 1', 'Aktif', 1),
('PV000969', '-', 'Depi Sandra', 'Perum Puri Kencana Blok E No. 03', '', 'KD F', '', 'K 1', 'Aktif', 1),
('PV000970', '-', 'Juju', 'Perum Puri Kencana Blok E No. 07', '', 'KD F', '', 'K 1', 'Putus', 1),
('PV000971', '-', 'Rudi Tambunan', 'Perum Puri Kencana Blok D No. 12', '', 'KD F', '', 'K 1', 'Putus', 1),
('PV000972', '-', 'Heky Sura Setiawan', 'Perum Puri Kencana Blok E No. 01', '', 'KD F', '', 'K 1', 'Putus', 1),
('PV000973', '-', 'Bu Ani', 'Perum Puri Kencana Blok F No. 14', '', 'KD F', '', 'K 1', 'Putus', 1),
('PV000974', '-', 'Falentina Morina', 'Perum Puri Kencana Blok G No. 08', '', 'KD F', '', 'K 1', 'Putus', 1),
('PV000975', '-', 'Kamit', 'Perum Puri Kencana Blok F No. 20', '', 'KD F', '', 'K 1', 'Putus', 1),
('PV000976', '-', 'Indah ', 'Perum Kenangan Jaya Blok E No. 25', '', 'KD D', '', 'K 2', 'Aktif', 1),
('PV000977', '-', 'Miandy Efendi', 'Perum Puri Kencana Blok E No. 8', '', 'KD F', '', 'K 1', 'Putus', 1),
('PV000978', '-', 'Sugianto', 'Kp.Simpangan Km.16 Rt.01 rw.01', '', 'KD G', '', 'K 1', 'Aktif', 1),
('PV000979', '-', 'Dadih', 'Kp. Simpangan Rt.01 Rw.01 ( SUDARTO)', '', 'KD G', '', 'K 1', 'Putus', 1),
('PV000980', '-', 'Tang Hok', 'Kp. Simpangan Rt.01 Rw.01 ( SUDARTO)', '', 'KD G', '', 'K 1', 'Aktif', 1),
('PV000981', '-', 'Suwardi / Korep', 'Kp. Simpangan RT.01 RW.01 Keibun', '', 'KD G', '', 'K 2', 'Aktif', 2),
('PV000982', '-', 'M. ramlan', 'Kp. Simpangan RT.01 RW.01', '', 'KD G', '', 'K 1', 'Aktif', 1),
('PV000983', '-', 'Sutarman', 'Kp. Simpangan KM. 16 rt. 01 rw. 01 komp. Korem', '', 'KD G', '', 'K 1', 'Aktif', 1),
('PV000984', '-', 'Andi Wijaya', 'Km.16 kp. Simpangan ', '', 'KD G', '', 'K 1', 'Aktif', 1),
('PV000985', '-', 'Arni Mediawati', 'Kp. Simpangan RT.01 RW.01', '', 'KD G', '', 'K 1', 'Aktif', 1),
('PV000986', '-', 'Indah Sari', 'Kp. Simpangan RT.01 RW.01', '', 'KD G', '', 'K 1', 'Aktif', 1),
('PV000987', '-', 'Mukharom', 'Kp.Simpangan Km.16 Rt.01 rw.01', '', 'KD G', '', 'K 1', 'Aktif', 1),
('PV000988', '-', 'Eliana', 'Kp.Simpangan Km.16 Rt.01 rw.01', '', 'KD G', '', 'K 2', 'Aktif', 2),
('PV000989', '-', 'Faizar', 'Kp.Simpangan Km.16 Rt.01 rw.01', '', 'KD G', '', 'K 1', 'Aktif', 1),
('PV000990', '-', 'Mulyadi', 'Kp.Simpangan Km.16 Rt.01 rw.01', '', 'KD G', '', 'K 1', 'Putus', 1),
('PV000991', '-', 'Rasul', 'Kp.Simpangan Km.16 Rt.01  smpng RT', '', 'KD G', '', 'K 1', 'Aktif', 1),
('PV000992', '-', 'Sayuti Siregar', 'kp. Simpangan RT 01 RW 01', '', 'KD G', '', 'K 1', 'Putus', 1),
('PV000993', '-', 'M. Herban', 'Kp. Simpangan deretan RT', '', 'KD G', '', 'K 1', 'Aktif', 1),
('PV000994', '-', 'Rosidah', 'KM 16 Kp. Simpangan depan Elly', '', 'KD G', '', 'K 1', 'Aktif', 1),
('PV000995', '-', 'Dasiri', 'Kp. Simpangan KM 16 dpn mulyadi', '', 'KD G', '', 'K 2', 'Aktif', 2),
('PV000996', '-', 'Rina', 'Simpangan Komp. 16 ( kontrakan P\' Salam )', '', 'KD G', '', 'K 1', 'Putus', 1),
('PV000997', '-', 'Muhammad arman', 'Kp. Simpangan RT. 01 / RW. 01', '', 'KD G', '', 'K 1', 'Aktif', 1),
('PV000998', '-', 'Katwadi', 'Kp. Simpangan RT. 01 / RW. 01', '', 'KD G', '', 'K 1', 'Putus', 1),
('PV000999', '-', 'Wawan', 'Kp. Simpangan RT. 01 / RW. 01 atas rmh keibun', '', 'KD G', '', 'K 1', 'Putus', 1),
('PV001000', '-', 'Dede saefuddin', 'Kp. Simpangan ( kontrakan P\' Rindon ) komp 16', '', 'KD G', '', 'K 1', 'Putus', 1),
('PV001001', '-', 'Lasmaria', 'Kp. Simpangan RT. 01/RW. 01 dpn Ashari Dalimunte', '', 'KD G', '', 'K 1', 'Aktif', 1),
('PV001002', '-', 'Ashari Dalimunte', 'Kp. Simpangan ujung jalan Rt.01/Rw. 01', '', 'KD G', '', 'K 1', 'Aktif', 1),
('PV001003', '-', 'Siti Hamsah ', 'Kp. Simpangan ujung jalan Rt.01/Rw. 01', '', 'KD G', '', 'K 1', 'Putus', 1),
('PV001004', '-', 'Suhunan Hasibuan / Asmidar Pulungan', 'Kp. Simpangan Toapaya Selatan Rt.01/Rw. 01 Hp. 081270542937', '', 'KD G', '', 'K 1', 'Aktif', 1),
('PV001005', '-', 'Samsuardi Siregar', 'Kp. Simpangan RT.01/RW.01 dpn munte', '', 'KD G', '', 'K 1', 'Aktif', 1),
('PV001006', '-', 'Masdalila Lubis', 'Kp. Simpangan bawah rmh Korep', '', 'KD G', '', 'K 1', 'Aktif', 1),
('PV001007', '-', 'Arif Zailani', 'Kp. Simpangan dpn RT. Sudarto', '', 'KD G', '', 'K 2', 'Aktif', 2),
('PV001008', '-', 'Daud Nasution', 'Kp. Simpangan RT 001 / 001 KM 16 bwh korep', '', 'KD G', '', 'K 1', 'Aktif', 1),
('PV001009', '-', 'Ahmad Mardinal', 'KM 16 Kp. Simpangan sblh warung korep', '', 'KD G', '', 'K 1', 'Aktif', 1),
('PV001010', '-', 'Sumiati', 'Perum Korem Blok A NO 01 KM 16', '', 'KD G 1', '', 'K 1', 'Putus', 1),
('PV001011', '-', 'Muhardi Eko Putra', 'Perumnas Korem 033 / WP bt 16', '', 'KD G 1', '', 'K 1', 'Putus', 1),
('PV001012', '-', 'Desi Ernawati', 'Kp. Banjar Air Raja Gg. Bawean blkng RW Karimun S. Jenggot', '', 'KD E', '', 'K 1', 'Putus', 1),
('PV001013', '-', 'Irwan Saleh', 'Perum Graha Indomulya Korem Blok G No. 07 Hp. 085355779483', '', 'KD G 1', '', 'K 2', 'Aktif', 1),
('PV001014', '-', 'Natalia', 'Perum Korem Blok H No. 09 KM 16', '', 'KD G 1', '', 'K 1', 'Aktif', 1),
('PV001015', '-', 'Samino', 'Perum Graha Indo Mulya / Korem Blok F No. 08 KM 15', '', 'KD G 1', '', 'K 1', 'Aktif', 1),
('PV001016', '-', 'Andro Yasser Hasibuan', 'Perum Graha Indonusa / Perum Korem Blok D No. 13', '', 'KD G 1', '', 'K 1', 'Aktif', 1),
('PV001017', '-', 'Toni Hendrayana', 'Perum Korem KM 16 Blok D No. 01', '', 'KD G 1', '', 'K 1', 'Putus', 1),
('PV001018', '-', 'Fisy Afriza', 'Griya Indo Mulya / Korem Blok I No. 08', '', 'KD G 1', '', 'K 1', 'Aktif', 1),
('PV001019', '-', 'Yoshi Febriyanti', 'Griya Indo Mulya / Korem Blok I No. 09', '', 'KD G 1', '', 'K 1', 'Putus', 1),
('PV001020', '-', 'Faisal Dayat', 'Jl. Ganet TPA PLTD bagian atas', '', 'KD H', '', 'K 2', 'Aktif', 2),
('PV001021', '-', 'Dewiharti', 'Jl. Ganet Kp. Air Bukit Blk PLTD', '', 'KD H', '', 'K 1', 'Aktif', 1),
('PV001022', '-', 'Andi S', 'Jl. Rajawali Kp. Air Raja KM 14', '', 'KD H', '', 'K 1', 'Putus Sementara', 1),
('PV001023', '-', 'Nanik Astuti', 'Kp. Air Raja RT 4 RW 2 Blk PLTD', '', 'KD H', '', 'K 1', 'Putus', 1),
('PV001024', '-', 'Andreas Sugihardono', 'Jl. Ganet Blkng PLTD Sebelah warung Pak Faisal', '', 'KD H', '', 'K 2', 'Aktif', 2),
('PV001025', '-', 'Mochammad Syaheri', 'Kp. Air Raja RT 4 RW 2 Blk PLTD', '', 'KD H', '', 'K 1', 'Aktif', 1),
('PV001026', '-', 'Oman Gendut', 'Kp. Air Raja Jl. Ganet Blk. PLTD', '', 'KD H', '', 'K 1', 'Putus', 1),
('PV001027', '-', 'Kehutanan BPKH 12 ', 'Jl. Ganet TPA PLTD', '', 'KD H', '', 'K 2', 'Aktif', 2),
('PV001028', '-', 'Sidik', 'Kp. Air Raja Blk. P\' Endut Ganet PLTD', '', 'KD H', '', 'K 1', 'Aktif', 1),
('PV001029', '-', 'Lina', 'Jl. Ganet TPA PLTD blkng Faisal', '', 'KD H', '', 'K 1', 'Putus', 1),
('PV001030', '-', 'Pujiati', 'Kontrakan Blkng PLTD P\' Faisal', '', 'KD H', '', 'K 1', 'Aktif', 1),
('PV001031', '-', 'Suyanto', 'Jl. TPA Ganet blkng PLTD kontrakan Faisal', '', 'KD H', '', 'K 1', 'Aktif', 1),
('PV001032', '-', 'Suprianto', 'Kp. Air Raja KM 14 Tg. Uban blkng PLTD', '', 'KD H', '', 'K 1', 'Aktif', 1),
('PV001033', '-', 'Heriyono', 'Blkng pagar PLTD atas Supri No. 10', '', 'KD H', '', 'K 2', 'Aktif', 1),
('PV001034', '-', 'Faisal Welder', 'Perum Bumi Air Raja Residence no. 13', '', 'KD H 1', '', 'K 1', 'Putus', 1),
('PV001035', '-', 'Sumiati', 'Perum Air Raja Residence Blok C No. 05', '', 'KD H 1', '', 'K 1', 'Aktif', 1),
('PV001036', '-', 'Yanto', 'Perum Air Raja Residence Blok A No. 01 blkng ruko', '', 'KD H 1', '', 'K 2 / RK', 'Aktif', 1),
('PV001037', '-', 'Nurdin', 'Kp. Air Raja RT. 004 / 002 Blkng Tk. Wira Utama', '', 'KD H 2', '', 'K 1', 'Aktif', 1),
('PV001038', '-', 'Armanita', 'Kp. Air Raja RT. 004 / 002 Blkng Tk. Wira Utama', '', 'KD H 2', '', 'K 1', 'Aktif', 1),
('PV001039', '-', 'Endang Purwaningsih', 'Jl. Rajawali belakang Tk. Wira Utama', '', 'KD H 2', '', 'K 1', 'Putus', 1),
('PV001040', '-', 'Abdul Hakim Syah', 'Perum Puri Surya Mas Blok G No. 2 dpn Vihara KM 14', '', 'KD H 1', '', 'K 1', 'Aktif', 2),
('PV001041', '-', 'Wiwik Widawati', 'Perum Green Pesona Mutiara Blok G No. 02', '', 'KD I', '', 'K 1', 'Aktif', 1),
('PV001042', '-', 'Suratno', 'Perum Grand Pesona Mutiara Blok C No. 04', '', 'KD I', '', 'K 1', 'Putus', 1),
('PV001043', '-', 'M. Yaqub', 'Perum Green Pesona Mutiara Blok A No. 04', '', 'KD I', '', 'K 1', 'Putus', 1),
('PV001044', '-', 'Nazua', 'Perum Green Mutiara ( Kamp )', '', 'KD I', '', 'K 1', 'Putus', 1),
('PV001045', '-', 'Asriyanbeni', 'Perum Bumi Air Raja Blok F No. 158', '', 'KD A', '', 'K 1', 'Putus', 1),
('PV001046', '-', 'Siti S.', 'Perum Senggarang Permai Blok P No. 7', '', 'KD B', '', 'K 1', 'Aktif', 1),
('PV001047', '-', 'Suyatno', 'Perum Senggarang Permai Blok U No. 3', '', 'KD B', '', 'K 1', 'Putus', 1),
('PV001048', '-', 'Susanti Supuk', 'Perum Bumi Air Raja Blok D Ruko No. 02', '', 'KD A', '', 'K 1', 'Putus', 1),
('PV001049', '-', 'Turman S.S SSIT', 'Perum Bumi Air Raja Blok C No. 79', '', 'KD A', '', 'K 1', 'Aktif', 1),
('PV001050', '-', 'Ayu', 'Perum Senggarang Permai Blok R No. 02', '', 'KD B', '', 'K 1', 'Putus', 1),
('PV001051', '-', 'Ratman', 'Perum Senggarang Permai Blok U No. 28', '', 'KD B', '', 'K 1', 'Putus', 1),
('PV001052', '-', 'Dra. Puji Astuti', 'Perum Puri Kencana Blok D No. 07', '', 'KD F', '', 'K 1', 'Aktif', 1),
('PV001053', '-', 'Wasiati', 'Perum Puri Kencana Blok F No. 21', '', 'KD F', '', 'K 1', 'Aktif', 1),
('PV001054', '-', 'Ernida Pryma Tioverita', 'Perum Senggarang Permai Blok L No. 1', '', 'KD B', '', 'K 1', 'Putus', 1),
('PV001055', '-', 'Leo Wibowo', 'Perum Air Raja Residence Blok D No. 02', '', 'KD H 1', '', 'K 1', 'Putus', 1),
('PV001056', '-', 'Suwanto', 'Perum Bumi Air Raja Blok A No. 184', '', 'KD A', '', 'K 1', 'Aktif', 1),
('PV001057', '-', 'Aridimas Prabowo', 'Perum Bumi Air Raja Blok A No. 124', '', 'KD A', '', 'K 1', 'Putus', 1),
('PV001058', '-', 'Tri Yanti', 'Perum Senggarang Permai Baru Blok F No. 28', '', 'KD B 1', '', 'K 1', 'Putus', 1),
('PV001059', '-', 'Achmad Samsuri', 'Perum Bumi Air Raja Blok A No. 154', '', 'KD A', '', 'K 1', 'Aktif', 1),
('PV001060', '-', 'Rusli', 'Kp. Simpangan Keibun KM 16', '', 'KD G', '', 'K 1', 'Putus Sementara', 1),
('PV001061', '-', 'Sri Wahyuti', 'Perum Bumi Air Raja Blok C No. 211', '', 'KD A', '', 'K 1', 'Putus', 1),
('PV001062', '-', 'Zulfa', 'Perum Bumi Air Raja Blok C No. 111', '', 'KD A', '', 'K 1', 'Putus', 1),
('PV001063', '-', 'Junaidi', 'Perum Green Mutiara Pesona (Kamp.Tukang)', '', 'KD I', '', 'K 1', 'Putus', 1),
('PV001064', '-', 'Kuncoro Ari Bowo', 'Perum Senggarang Permai Blok B No. 17', '', 'KD B', '', 'K 1', 'Aktif', 1),
('PV001065', '-', 'Wira Masyudi', 'Perum Bumi Air Raja Blok C No. 313', '', 'KD A', '', 'K 1', 'Aktif', 1),
('PV001066', '-', 'Sugeng Prawito', 'Perum Bumi Air Raja Blok C No. 180', '', 'KD A', '', 'K 1', 'Aktif', 1),
('PV001067', '-', 'Alek Chandra Capah', 'Perum Bumi Air Raja Blok A No. 151', '', 'KD A', '', 'K 1', 'Putus', 1),
('PV001068', '-', 'Hermanto Ramli', 'Perum Bumi Air Raja Blok F No. 57', '', 'KD A', '', 'K 1', 'Putus', 1),
('PV001069', '-', 'Nono Surahman', 'Perum Bumi Air Raja Blok F No. 65', '', 'KD A', '', 'K 1', 'Aktif', 1),
('PV001070', '-', 'Triono Saputro', 'Perum Kenangan Jaya IV Blok B No. 4', '', 'KD D', '', 'K 1', 'Aktif', 1),
('PV001071', '-', 'Cesar Tri Kuncoro', 'Perum Kenangan Jaya IV Blok D No. 1', '', 'KD D', '', 'K 1', 'Aktif', 1),
('PV001072', '-', 'Sri Kesya', 'Perum Senggarang Permai Blok N No. 07', '', 'KD B', '', 'K 1', 'Putus', 1),
('PV001073', '-', 'Nelly Irmawati', 'Perum Senggarang Permai Blok N No. 3', '', 'KD B', '', 'K 1', 'Aktif', 1),
('PV001074', '-', 'Heppi', 'Perum Senggarang Permai Blok C No. 3', '', 'KD B', '', 'K 1', 'Putus Sementara', 1),
('PV001075', '-', 'Jaharuddin', 'Perum Senggarang Permai Blok C No. 30', '', 'KD B', '', 'K 1', 'Putus', 1),
('PV001076', '-', 'Ngasiran', 'Perum Griya Indo Mulya/ Korem Blok D No. 1', '', 'KD G 1', '', 'K 1', 'Putus', 1),
('PV001077', '-', 'Andik Khoirul Huda', 'Perum Bumi Air Raja Blok C No. 183 Hp. 082284752526', '', 'KD A', '', 'K 1', 'Putus', 1),
('PV001078', '-', 'Suyot', 'Perum Graha Indomulya Korem Blok A No. 12', '', 'KD G 1', '', 'K 2 / RK', 'Aktif', 1),
('PV001079', '-', 'Yulia Elfitria', 'Perum Bumi Air Raja Blok F No. 108', '', 'KD A', '', 'K 1', 'Aktif', 1),
('PV001080', '-', 'Dewi Kusumawati', 'Perum Bumi Air Raja Blok F No. 263', '', 'KD A', '', 'K 1', 'Putus', 1),
('PV001081', '-', 'Lauren J. Situmorang', 'Perum Bumi Air Raja Blok F No. 262', '', 'KD A', '', 'K 1', 'Aktif', 1),
('PV001082', '-', 'Sri Hartuti', 'Kp. Bawean blk Sop Jenggot spg Lukman', '', 'KD E', '', 'K 1', 'Aktif', 1),
('PV001083', '-', 'Ukar Sukardi', 'Perum Bumi Air Raja Blok F No. 60', '', 'KD A', '', 'K 1', 'Aktif', 2),
('PV001084', '-', 'Normawaty', 'Perum Senggarang Permai Ruko No. 2', '', 'KD B', '', 'K 1', 'Aktif', 1),
('PV001085', '-', 'Sahabudi', 'Perum Bumi Air Raja Blok F No. 93', '', 'KD A', '', 'K 1', 'Putus', 1),
('PV001086', '-', 'Sabihi', 'Perum Bumi Air Raja Blok C No. 72', '', 'KD A', '', 'K 1', 'Putus', 1),
('PV001087', '-', 'Muslimin', 'Perum Bumi Air Raja Blok A No. 34', '', 'KD A', '', 'K 1', 'Putus', 1),
('PV001088', '-', 'Eva Wisantri', 'Perum Bumi Air Raja Blok C No. 125', '', 'KD A', '', 'K 1', 'Putus', 1),
('PV001089', '-', 'Wiwik', 'Kontrakan Pak Rindon No. 4 Komp Perum 16', '', 'KD C', '', 'K 1', 'Putus', 1),
('PV001090', '-', 'Eno Purwandi', 'Perum Bumi Air Raja Blok F No. 290', '', 'KD A', '', 'K 1', 'Putus Sementara', 1),
('PV001091', '-', 'Efrizal', 'Perum Puri Kencana Blok G No. 7 ', '', 'KD F', '', 'K 1', 'Aktif', 1),
('PV001092', '-', 'Akhmadi', 'Perum Green Pesona Mutiara Blok B No. 13 Hp.', '', 'KD I', '', 'K 2', 'Aktif', 1),
('PV001093', '-', 'Armin Tambunan AlNur', 'Perum Senggarang Permai Blok T No. 2', '', 'KD B', '', 'K 1', 'Aktif', 1),
('PV001094', '-', 'Asri Novrianti', 'Perum Senggarang Permai Blok E No. 8', '', 'KD B', '', 'K 1', 'Putus', 1),
('PV001095', '-', 'Sri Sutarni', 'Jl. Raya Tg. Uban deretan Bidan Lita Spg Pecel lele KM 16', '', 'KD C', '', 'K 1', 'Aktif', 1),
('PV001096', '-', 'Darinih ', 'Perum Puri Kencana Blok F No. 17', '', 'KD F', '', 'K 1', 'Putus', 1),
('PV001097', '-', 'Lanna Sari Siregar', 'Perum Bumi Raja Blok F No. 220', '', 'KD A', '', 'K 1', 'Putus', 1),
('PV001098', '-', 'Nickson Panggabean', 'Perum Bumi Air Raja Blok F No. 164', '', 'KD A', '', 'K 1', 'Aktif', 1),
('PV001099', '-', 'Setiawan Br Tarigan ', 'Perum Bumi Air Raja Blok F No. 184', '', 'KD A', '', 'K 1', 'Putus', 1),
('PV001100', '-', 'Nova Kardila', 'Perum Senggarang Permai Blok D No. 22', '', 'KD B', '', 'K 1', 'Putus', 1),
('PV001101', '-', 'Agus Salim', 'Perum Korem Griya Indomulya Blok A No. 01', '', 'KD G 1', '', 'K 1', 'Putus Sementara', 1),
('PV001102', '-', 'Nunung Yuliana', 'Perum Bumi Air Raja Blok C No. 130', '', 'KD A', '', 'K 1', 'Putus', 1),
('PV001103', '-', 'Dejo Arifanto', 'Perum Bumi Air Raja Blok F No. 219', '', 'KD A', '', 'K 1', 'Putus', 1),
('PV001104', '-', 'Sumarni / M. Yamin', 'Perum Bumi Air Raja Blok C No. 262', '', 'KD A', '', 'K 1', 'Putus', 1),
('PV001105', '-', 'Martoni', 'Perum Senggarang Permai Blok N No. 16', '', 'KD B', '', 'K 1', 'Aktif', 1),
('PV001106', '-', 'Umi Masyitoh Nuzula', 'Perum Puri Kencana Blok F No. 9', '', 'KD F', '', 'K 1', 'Putus', 1),
('PV001107', '-', 'Endang Sari Saragih', 'Perum Kenangan Jaya IV Blok E No. 20', '', 'KD D', '', 'K 1', 'Putus', 1),
('PV001108', '-', 'Sugiono Adi Saputro', 'Perum Bumi Air Raja Blok C No. 266', '', 'KD A', '', 'K 1', 'Putus Sementara', 1),
('PV001109', '-', 'Benny Franoto', 'Perum Bumi Air Raja Blok A No. 191', '', 'KD A', '', 'K 1', 'Aktif', 1),
('PV001110', '-', 'Fitro Akmal Efendi', 'Perum Bumi Air Raja Blok A No. 192', '', 'KD A', '', 'K 1', 'Aktif', 1),
('PV001111', '-', 'Tomi Hendra', 'Kp. Simpangan ( deretan Keibun )', '', 'KD G', '', 'K 1', 'Aktif', 1),
('PV001112', '-', 'Arifudin', 'Perum Bumi Air Raja Blok C No. 230', '', 'KD A', '', 'K 1', 'Aktif', 1),
('PV001113', '-', 'Hasymi Hardy', 'Perum Bumi Air Raja Blok F No. 120 Bangau 3', '', 'KD A', '', 'K 1', 'Aktif', 1),
('PV001114', '-', 'Sri Galenawati', 'Perum Bumi Air Raja Residence Blok C No. 16', '', 'KD H 1', '', 'K 1', 'Aktif', 1),
('PV001115', '-', 'Burhanuddin', 'Perum Senggarang Permai Blok K No. 18', '', 'KD B', '', 'K 1', 'Aktif', 1),
('PV001116', '-', 'Niwat Somari', 'Perum Puri Kencana Blok G No. 3 A', '', 'KD F', '', 'K 1', 'Putus', 1),
('PV001117', '-', 'Elisah Nasrah', 'Perum Bumi Air Raja Blok C No. 202', '', 'KD A', '', 'K 1', 'Aktif', 1),
('PV001118', '-', 'Sukamto', 'KM 16 sebelah lap. bola samping rmh Bu Sugeng', '', 'KD C', '', 'K 1', 'Aktif', 1),
('PV001119', '-', 'Doni', 'Perum Senggarang Permai Blok N No. 17', '', 'KD B', '', 'K 1', 'Putus', 1),
('PV001120', '-', 'Edi Jaafar / Notaris Anggie MP. S', 'Jl. Raya Tg. Uban KM 16 simpang Ceruk Ijou ruko sebelah kanan', '', 'KD C', '', 'K 2', 'Aktif', 2),
('PV001121', '-', 'Roslan Efendy', 'Perum Air Raja Residence Blok C No. 6', '', 'KD H 1', '', 'K 1', 'Aktif', 1),
('PV001122', '-', 'Indra Kurniawan', 'Perum Bumi Air Raja Blok F No. 78', '', 'KD A', '', 'K 1', 'Aktif', 1),
('PV001123', '-', 'Felix Yosani Hurit', 'Komp. Perum KM 16 samping Tony', '', 'KD C', '', 'K 2', 'Aktif', 1),
('PV001124', '-', 'Karwati', 'Jl. Raya Tg. Uban Komp Perum 16 RT 6/2 ( deretan RT Aca )', '', 'KD C', '', 'K 1', 'Putus', 1),
('PV001125', '-', 'Yatim Rusdiono', 'Perum Bumi Air Raja Blok C No. 268', '', 'KD A', '', 'K 1', 'Aktif', 1),
('PV001126', '-', 'Rison', 'Perum Bumi Air Raja Blok F No. 98', '', 'KD A', '', 'K 1', 'Aktif', 1),
('PV001127', '-', 'Diko Simatupang', 'Perum Bumi Air Raja Blok F No. 115', '', 'KD A', '', 'K 1', 'Aktif', 1),
('PV001128', '-', 'Wandy Effendy', 'Perum Bumi Air Raja Blok D No. 78', '', 'KD A', '', 'K 1', 'Aktif', 1),
('PV001129', '-', 'Hasyim', 'Perum Bumi Air Raja Blok A No. 148', '', 'KD A', '', 'K 1', 'Putus', 1),
('PV001130', '-', 'Ernawati', 'Perum Senggarang Permai Blok A 1 No. 5', '', 'KD B', '', 'K 1', 'Aktif', 2),
('PV001131', '-', 'Darma Indriyani', 'Perum Senggarang Permai Blok O No.21', '', 'KD B', '', 'K 1', 'Aktif', 1),
('PV001132', '-', 'Zulkarnain', 'Perum Senggarang Permai Blok T No. 20', '', 'KD B', '', 'K 1', 'Putus', 1),
('PV001133', '-', 'Fitriyati', 'Kp. Bawean blkng Sop Jenggot Gg. Rmh Yahya', '', 'KD E', '', 'K 1', 'Aktif', 1),
('PV001134', '-', 'Mahdi Wijaya', 'Jl. Raya Tg. Uban KM 13 Ruko No. 1 dpn NOT', '', 'KD H 2', '', 'K 1', 'Putus', 1),
('PV001135', '-', 'Yulidar Edi Sucipto', 'Kp. Simpangan RT. 01 / 01 blkng Armadani Keibun', '', 'KD G', '', 'K 1', 'Putus', 1),
('PV001136', '-', 'Erda Hidayati', 'Perum Senggarang Permai Blok L No. 13', '', 'KD B', '', 'K 1', 'Putus', 1),
('PV001137', '-', 'Mardiya Hayati', 'Perum Bumi Air Raja Blok C No. 7 spng rmh Panjaitan', '', 'KD A', '', 'K 1', 'Putus', 1),
('PV001138', '-', 'Santi', 'Perum Bumi Air Raja Blok C No. 233', '', 'KD A', '', 'K 1', 'Putus', 1),
('PV001139', '-', 'Rusdin', 'Perum Bumi Air Raja Blok A No. 141', '', 'KD A', '', 'K 1', 'Putus', 1),
('PV001140', '-', 'Andri Irawan', 'Perum Bumi Air Raja Blok C No. 86', '', 'KD A', '', 'K 1', 'Putus', 1),
('PV001141', '-', 'Ibu Sandy', 'Jl. Ganet TPA PLTD Kos2an Pintu I sblh kanan', '', 'KD H', '', 'K 1', 'Putus', 1),
('PV001142', '-', 'Mahmudin', 'Perum Bumi Air Raja Blok B No. 70', '', 'KD A', '', 'K 1', 'Putus', 1),
('PV001143', '-', 'Hendri', 'Perum Bumi Air Raja Blok F No. 187 A Jl. Bangau VIII', '', 'KD A', '', 'K 1', 'Putus', 1),
('PV001144', '-', 'Ahmad Sazili', 'Perum Bumi Air Raja Blok C No. 308', '', 'KD A', '', 'K 1', 'Aktif', 1),
('PV001145', '-', 'Supriatna', 'Perum Bumi Air Raja Blok F No. 100', '', 'KD A', '', 'K 1', 'Aktif', 1),
('PV001146', '-', 'Ida', 'Komp. Perum 16 blkng rmh Wali Sapriawan', '', 'KD C', '', 'K 1', 'Aktif', 1),
('PV001147', '-', 'Wahyu Zakaria', 'Perum Bumi Air Raja Blok A No. 195', '', 'KD A', '', 'K 1', 'Putus', 1),
('PV001148', '-', 'Harima / Irianto', 'Perum Bumi Air Raja Blok B bwh rmh Mak Yali', '', 'KD D', '', 'K 1', 'Aktif', 1),
('PV001149', '-', 'Abi Supriatna', 'Perum Senggarang Permai Blok U No. 12', '', 'KD B', '', 'K 1', 'Putus', 1),
('PV001150', '-', 'Sukana', 'Perum Bumi Air Raja Blok C No. 199', '', 'KD A', '', 'K 1', 'Aktif', 1),
('PV001151', '-', 'Aep Sopian', 'Perum Bumi Air Raja Blok C No. 149', '', 'KD A', '', 'K 1', 'Aktif', 1),
('PV001152', '-', 'Agustina', 'Komp. Perum 16 belakang Kartini spg RT. Aca', '', 'KD C', '', 'K 1', 'Putus', 1),
('PV001153', '-', 'Wati', 'Jl. PLTD Air Raja samping Nanik Astuti ( Kontrakan )', '', 'KD H', '', 'K 1', 'Putus', 1),
('PV001154', '-', 'Edi Suranta Perangin Angin', 'Perum Bumi Air Raja Blok F No. 221', '', 'KD A', '', 'K 1', 'Putus', 1),
('PV001155', '-', 'Nurita', 'Perum Air Raja Residence Blok C No. 14', '', 'KD H 1', '', 'K 2', 'Aktif', 1),
('PV001156', '-', 'Evi', 'Perum Senggarang Permai Blok Q No. 06', '', 'KD B', '', 'K 1', 'Putus', 1),
('PV001157', '-', 'Wasyarpudin S. IP', 'Perum Bumi Air Raja Blok F No. 80', '', 'KD A', '', 'K 1', 'Aktif', 1),
('PV001158', '-', 'Aini Muliani', 'Perum Bumi Air Raja Blok C No. 262', '', 'KD A', '', 'K 1', 'Putus', 1),
('PV001159', '-', 'Ahmad Zaki Mustofa', 'Perum Bumi Air Raja Blok D No. 129', '', 'KD A', '', 'K 1', 'Aktif', 1),
('PV001160', '-', 'Didi', 'Jl. PLTD Air Raja spg Belakang Nanik Astuti ( Kost )', '', 'KD H', '', 'K 1', 'Putus', 1),
('PV001161', '-', 'Rika Purnama Sari ', 'Perum Kenangan Jaya IV Blok A No. 26', '', 'KD D', '', 'K 1', 'Putus', 1),
('PV001162', '-', 'Muhammad Yasir', 'Perum Kenangan Jaya IV Blok C No. 18', '', 'KD D', '', 'K 1', 'Aktif', 1),
('PV001163', '-', 'Farok', 'Perum Senggarang Permai Blok K No. 26', '', 'KD B', '', 'K 1', 'Putus', 1),
('PV001164', '-', 'Rozikin', 'Perum Bumi Air Raja Blok F No. 267', '', 'KD A', '', 'K 1', 'Putus', 1),
('PV001165', '-', 'Aep Syaifudin', 'Perum Bumi Air Raja Blok F No. 122', '', 'KD A', '', 'K 1', 'Putus', 1),
('PV001166', '-', 'Irnawati', 'Perum Bumi Air Raja Blok D No. 2 dpn jembatan', '', 'KD A', '', 'K 1', 'Putus', 1),
('PV001167', '-', 'Abrar', 'Perum Bumi Air Raja Blok F No. 217', '', 'KD A', '', 'K 1', 'Aktif', 1),
('PV001168', '-', 'Slamet Teguh Riyanto', 'Perum Bumi Air Raja Blok A No. 70 A', '', 'KD A', '', 'K 1', 'Putus', 1),
('PV001169', '-', 'Batara Singali Siregar', 'Perum Senggarang Permai Blok R No. 17', '', 'KD B', '', 'K 1', 'Putus', 1),
('PV001170', '-', 'Sinu', 'Jl. Raya Tg. Uban KM 15 dpn Kantor lurah ( warung )', '', 'KD B', '', 'K 1', 'Aktif', 1),
('PV001171', '-', 'Irawadi Nasution', 'Kp. Air Bukit RT. 05 / RW. 02 No. 51 bwh BAR Blok F', '', 'KD J', '', 'K 1', 'Aktif', 1),
('PV001172', '-', 'Ely Rozalina', 'Kp. Air Bukit RT. 05 / RW. 02 No. 52 bwh BAR Blok F', '', 'KD J', '', 'K 1', 'Aktif', 1),
('PV001173', '-', 'Muhammad Imran', 'Kp. Air Bukit RT. 05 / RW. 02 No. 53 bwh BAR Blok F', '', 'KD J', '', 'K 1', 'Aktif', 1),
('PV001174', '-', 'Mulyadi', 'Kp. Air Bukit RT. 05 / RW. 02 bwh BAR Blok F', '', 'KD J', '', 'K 1', 'Aktif', 1),
('PV001175', '-', 'Sawiyo', 'Kp. Air Bukit RT. 05 / RW. 02 bwh BAR Blok F', '', 'KD J', '', 'K 1', 'Aktif', 1),
('PV001176', '-', 'Ledia Sianturi', 'Perum Bumi Air Raja Blok C No. 78', '', 'KD A', '', 'K 1', 'Putus', 1),
('PV001177', '-', 'Syaripudin / Asep', 'Jl. Raya Tg. Uban KM 16 kost rmh Yadi ', '', 'KD C', '', 'K 1', 'Aktif', 1),
('PV001178', '-', 'Robert Panjaitan', 'Perum Air Raja Residence Blok.    No.     deretan rmh Yanto', '', 'KD H 1', '', 'K 2', 'Aktif', 1),
('PV001179', '-', 'Riki Kardo', 'Perum Senggarang Permai Blok D No. 09', '', 'KD B', '', 'K 1', 'Putus', 1),
('PV001180', '-', 'Santoso', 'Kp. Air Bukit dpn Mesjid RT. 05 / RW. 02', '', 'KD J', '', 'K 1', 'Aktif', 1),
('PV001181', '-', 'Agus Salim', 'Kp. Air Bukit RT. 05 / RW. 02 No. 44 samping Mesjid', '', 'KD J', '', 'K 1', 'Putus', 1),
('PV001182', '-', 'Noor Faizah', 'Kp. Air Bukit RT. 05 / RW. 02 No. 40 blkng Santoso', '', 'KD J', '', 'K 2', 'Aktif', 2),
('PV001183', '-', 'Perni', 'Perum Bumi Air Raja Blok F No. 238', '', 'KD A', '', 'K 1', 'Aktif', 1),
('PV001184', '-', 'Wahyu', 'Kp. Bawean di atas rmh Yahya', '', 'KD E', '', 'K 1', 'Pindah', 1),
('PV001185', '-', 'Mursih', 'Gg. Bawean Kp. Banjar Air Raja No. 08 RT. 03 / RW. 06', '', 'KD E', '', 'K 1', 'Aktif', 1),
('PV001186', '-', 'Khomarul Huda / Optik Mitra Utama', 'Jl. Raya Tg. Uban KM 16 Ruko', '', 'KD C', '', 'K 1', 'Putus', 1),
('PV001187', '-', 'Herbudi', 'Perum Bumi Air Raja Blok C No. 304', '', 'KD A', '', 'K 1', 'Aktif', 1),
('PV001188', '-', 'Dirwanto', 'Perum Bumi Air Raja Blok G No. 214', '', 'KD A', '', 'K 1', 'Aktif', 1),
('PV001189', '-', 'Faril Wahidi', 'Perum Bumi Air Raja Blok F No. 116', '', 'KD A', '', 'K 1', 'Aktif', 1),
('PV001190', '-', 'Otny Maltasari', 'Perum Green Pesona Mutiara Blok C No. 05', '', 'KD I', '', 'K 1', 'Putus', 1),
('PV001191', '-', 'Rasniti', 'Perum Puri Kencana Blok E No. 09', '', 'KD F', '', 'K 1', 'Pindah', 1),
('PV001192', '-', 'Afrina Bella Novia Sihombing', 'Perum Kenangan Jaya IV Blok C No. 10', '', 'KD D', '', 'K 1', 'Putus', 1),
('PV001193', '-', 'Cristian Fernando Lumban Gaol', 'Perum Bumi Air Raja Blok A No. 27', '', 'KD A', '', 'K 1', 'Aktif', 1),
('PV001194', '-', 'Yenni Nursanti', 'Perum Senggarang Permai Blok P No. 14', '', 'KD B', '', 'K 2', 'Aktif', 1),
('PV001195', '-', 'Dedi Irawan / Eca', 'Gg. Bawean Kp. Banjar samping rmh RW Sop Jenggot', '', 'KD E', '', 'K 1', 'Aktif', 1),
('PV001196', '-', 'Afrialis', 'Perum Bumi Air Raja Blok F No. 207', '', 'KD A', '', 'K 1', 'Aktif', 1),
('PV001197', '-', 'Olwin Batamudiaji', 'Perum Bumi Air Raja Blok C No. 267', '', 'KD A', '', 'K 1', 'Putus', 1),
('PV001198', '-', 'Tirajibah', 'Perum Bumi Air Raja Blok C No. 218', '', 'KD A', '', 'K 1', 'Putus Sementara', 1),
('PV001199', '-', 'Daryono', 'Perum Bumi Air Raja Blok F No. 135', '', 'KD A', '', 'K 1', 'Aktif', 1),
('PV001200', '-', 'Fitriyani', 'Perum Bumi Air Raja Blok B No. 28 spng Indra', '', 'KD A', '', 'K 1', 'Putus', 1),
('PV001201', '-', 'Mardius', 'Perum Korem Blok F No. 6', '', 'KD G 1', '', 'K 1', 'Aktif', 1),
('PV001202', '-', 'Dina', 'Belakang PLTD ( Kontrakan Pak Faisal )', '', 'KD H', '', 'K 1', 'Putus', 1),
('PV001203', '-', 'Rahmadi', 'Perum Bumi Air Raja Blok C No. 85', '', 'KD A', '', 'K 1', 'Aktif', 1),
('PV001204', '-', 'Tukijan', 'Perum Bumi Air Raja Blok C No. 80', '', 'KD A', '', 'K 1', 'Putus', 1),
('PV001205', '-', 'Mariati', 'Perum Bumi Air Raja Blok D No. 89', '', 'KD A', '', 'K 1', 'Aktif', 1),
('PV001206', '-', 'Sri Wardoyo', 'Perum Bumi Air Raja Blok D No.      Blkng Maristauli', '', 'KD A', '', 'K 1', 'Putus Sementara', 1),
('PV001207', '-', 'Cahaya Purnama Sari', 'Jl. PLTD Air Raja Kp. Air Bukit RT. 5 / RW. 2 No. 29 ( blkng ruko dpn Pak Faisal lama )', '', 'KD H', '', 'K 1', 'Putus', 1),
('PV001208', '-', 'Agus Imam Sugiarto', 'Jl. Ganet TPA PLTD ( blkng Warung Faisal )', '', 'KD H', '', 'K 1', 'Aktif', 1),
('PV001209', '-', 'Anke Irawan', 'Perum Kenangan Jaya IV Blok A No. 02', '', 'KD D', '', 'K 1', 'Putus', 1),
('PV001210', '-', 'Isman Heriyanto', 'Perum Bumi Air Raja Blok C No. 136 Jl. Tiung VI ', '', 'KD A', '', 'K 1', 'Aktif', 1),
('PV001211', '-', 'Agus Sofian', 'Perum Bumi Air Raja Blok C No. 292', '', 'KD A', '', 'K 1', 'Aktif', 1),
('PV001212', '-', 'Eni Widayati', 'Perum Bumi Air Raja Blok D No. 33', '', 'KD A', '', 'K 1', 'Aktif', 1),
('PV001213', '-', 'Aheng', 'Jl. Raya Tg. Uban dpn Sop Jenggot Ruko 5 pintu ', '', 'KD A 1', '', 'K 1', 'Putus', 1),
('PV001214', '-', 'Katiman', 'Perum Senggarang Permai No. 128 blkng Blok M No. 24', '', 'KD B', '', 'K 1', 'Aktif', 1),
('PV001215', '-', 'Eka Sugianto', 'Perum Bumi Air Raja Blok A No. 151', '', 'KD A', '', 'K 1', 'Aktif', 1),
('PV001216', '-', 'Budi Hutomo', 'Perum Bumi Air Raja Blok B No. 116', '', 'KD A', '', 'K 1', 'Aktif', 1),
('PV001217', '-', 'Herman Bani', 'Jl. Ganet PLTD Air Raja blkng kontrakan Faisal', '', 'KD H', '', 'K 1', 'Aktif', 1),
('PV001218', '-', 'Chusnul Hanifa', 'Perum Bumi Air Raja Blok C No. 166', '', 'KD A', '', 'K 1', 'Putus', 1),
('PV001219', '-', 'Suhardi', 'Perum Bumi Air Raja Blok F No. 83', '', 'KD A', '', 'K 1', 'Putus', 1),
('PV001220', '-', 'Herno', 'Perum Kenangan Jaya Blok B No. 24', '', 'KD D', '', 'K 1', 'Aktif', 1),
('PV001221', '-', 'Ayu Lestari', 'Perum Puri Kencana Blok E No. 12 A', '', 'KD F', '', 'K 1', 'Putus', 1),
('PV001222', '-', 'M. Asyahril', 'Perum Puri Kencana Blok D No. 20', '', 'KD F', '', 'K 1', 'Aktif', 1),
('PV001223', '-', 'Tidour Tambunan', 'Perum Bumi Air Raja Blok B samping Siprianus', '', 'KD A', '', 'K 1', 'Aktif', 1),
('PV001224', '-', 'Jenny Hutagaol', 'Perum Senggarang Permai Blok M No. 02', '', 'KD B', '', 'K 1', 'Putus', 1),
('PV001225', '-', 'Ida Naila ', 'Jl. Komp Perum 16 samping Wali Sapriawan', '', 'KD C', '', 'K 1', 'Aktif', 1),
('PV001226', '-', 'Kores Esra Tamba', 'Perum Bumi Air Raja Blok B No. 95', '', 'KD A', '', 'K 1', 'Putus', 1),
('PV001227', '-', 'Haidirman', 'Perum Senggarang Permai Blok B No. 23', '', 'KD B', '', 'K 1', 'Putus', 1),
('PV001228', '-', 'Zulpikar Diman', 'Perum Green Pesona Mutiara Blok D No. 07', '', 'KD I', '', 'K 2 ', 'Aktif', 1),
('PV001229', '-', 'Rumesi', 'Perum Bumi Air Raja Blok A No. 41', '', 'KD A', '', 'K 1', 'Putus Sementara', 1),
('PV001230', '-', 'Safril', 'Perum Bumi Air Raja Blok F No. 213', '', 'KD A', '', 'K 1', 'Aktif', 1),
('PV001231', '-', 'Suwardi', 'Jl. Raya Tg. Uban dpn Kantor Lurah', '', 'KD B', '', 'K 1', 'Putus', 1),
('PV001232', '-', 'Lismiyanto', 'Perum Senggarang Permai Blok U No. 03', '', 'KD B', '', 'K 1', 'Putus', 1),
('PV001233', '-', 'Keletussadi', 'Komp Perum 16 blkng Sarbini', '', 'KD C', '', 'K 1', 'Putus', 1),
('PV001234', '-', 'Remida Sitinjak', 'Perum Bumi Air Raja Blok F No. 193', '', 'KD A', '', 'K 1', 'Aktif', 1),
('PV001235', '-', 'Rosbina Tondang, S.S', 'Perum Bumi Air Raja Blok F No. 55 Jl. Bangau I', '', 'KD A', '', 'K 1', 'Putus Sementara', 1),
('PV001236', '-', 'Hj. Sumayah', 'Jl. Senggarang dpn gerbang SGP ( rongsokan )', '', 'KD B', '', 'K 1', 'Aktif', 1),
('PV001237', '-', 'Juriati', 'Jl. Rajawali blkng Toko Wira Utama Perumnas', '', 'KD H 2', '', 'K 1', 'Putus', 1),
('PV001238', '-', 'Liza Mardeni', 'Perum Senggarang Permai Blok G No. 04', '', 'KD B', '', 'K 1', 'Aktif', 1),
('PV001239', '-', 'Yanto', 'Perum Kenangan Jaya IV Blok B No. 8', '', 'KD D', '', 'K 1', 'Aktif', 1),
('PV001240', '-', 'Jusrizal', 'Perum Bumi Air Raja Blok C No. 282', '', 'KD A', '', 'K 1', 'Putus', 1),
('PV001241', '-', 'Nurhayati', 'Perum Bumi Air Raja Blok C No. 192', '', 'KD A', '', 'K 1', 'Aktif', 1),
('PV001242', '-', 'Hendri Yanto', 'Perum Bumi Air Raja Blok F No. 176 Jl. Bangau VIII Hp. 082383862983', '', 'KD A', '', 'K 1', 'Putus', 1),
('PV001243', '-', 'Murniati', 'Perum Senggarang Permai Blok B No. 06', '', 'KD B', '', 'K 1', 'Putus', 1),
('PV001244', '-', 'Sri Rahayu', 'Perum Bumi Air Raja Blok F No. 191 Jl. Bangau IX', '', 'KD A', '', 'K 1', 'Aktif', 1),
('PV001245', '-', 'Nunggal Jaya', 'Jl. TPA PLTD Air Raja blkng pagar PLTD ( cetak batako )', '', 'KD H', '', 'K 1', 'Putus', 1),
('PV001246', '-', 'Sofiani', 'Perum Puri Kencana Blok E No. 07 & 08', '', 'KD F', '', 'K 1', 'Aktif', 1),
('PV001247', '-', 'Yunus', 'Komp. Perum 16 dpn PS kontrakan pintu No. 4', '', 'KD C', '', 'K 1', 'Aktif', 1),
('PV001248', '-', 'Oktavia', 'Perum Senggarang Permai Blok P No. 23', '', 'KD B', '', 'K 2', 'Aktif', 1),
('PV001249', '-', 'Kristina Rini', 'Perum Senggarang Permai Blok A No. 09', '', 'KD B', '', 'K 1', 'Pindah', 1),
('PV001250', '-', 'Mhd. Romalisa', 'Perum Kenangan Jaya IV Blok E No. 09', '', 'KD D', '', 'K 1', 'Putus', 1),
('PV001251', '-', 'Maidar Aslinda', 'Perum Bumi Air Raja Blok C No. 188 Jl. Tiong VIII', '', 'KD A', '', 'K 1', 'Aktif', 1),
('PV001252', '-', 'Lizahayarni', 'Perum Bumi Air Raja Blok F No. 70', '', 'KD A', '', 'K 1', 'Putus', 1),
('PV001253', '-', 'Irwan Adi Surya', 'Perum Bumi Air Raja Blok A No. 56', '', 'KD A', '', 'K 1', 'Putus', 1),
('PV001254', '-', 'Deny Apriyanto', 'KM 16 Gg. Bambu Kuning 3 rmh sewa sebelah kanan ujung Hp. 08137296990', '', 'KD C', '', 'K 1', 'Aktif', 1),
('PV001255', '-', 'Khairuna Lubis', 'Perum Bumi Air Raja Blok F N0. 123 Jl. Bangau IV', '', 'KD A', '', 'K 1', 'Putus', 1),
('PV001256', '-', 'Staf Kantor Perum BAR', 'Perum Bumi Air Raja Blok C No. 21 A', '', 'KD A', '', 'K 1', 'Aktif', 1),
('PV001257', '-', 'Farida', 'Jl. Raya Tg. Uban KM 16 ruko No. 1 dpn Arian', '', 'KD C', '', 'K 1', 'Putus', 1),
('PV001258', '-', 'Rusmi Simanjuntak', 'Perum Senggarang Permai Blok B No. 02', '', 'KD B', '', 'K 1', 'Aktif', 1),
('PV001259', '-', 'Anita Yelmy / Abdul', 'Perum Senggarang Permai Blok M No. 09', '', 'KD B', '', 'K 1', 'Putus', 1),
('PV001260', '-', 'Dini Sumarni', 'Jl. Raya Tg. Uban ruko No. 4 spg Arian', '', 'KD C', '', 'K 1', 'Putus', 1),
('PV001261', '-', 'Tukmaida', 'Kp. Simpangan Keibun dpn Indah', '', 'KD G', '', 'K 2', 'Aktif', 1),
('PV001262', '-', 'Yan Ronaldi', 'Perum Bumi Air Raja Blok F No. 51', '', 'KD A', '', 'K 1', 'Aktif', 1),
('PV001263', '-', 'Khairul Anam', 'Perum Bumi Air Raja Blok B No. 114', '', 'KD A', '', 'K 1', 'Aktif', 1),
('PV001264', '-', 'Ali Sutarwin', 'Perum Bumi Air Raja Blok A No. 49', '', 'KD A', '', 'K 1', 'Aktif', 1),
('PV001265', '-', 'Muhammad Ramadhani', 'Perum Bumi Air Raja Blok G No. 197', '', 'KD A', '', 'K 1', 'Putus', 1),
('PV001266', '-', 'Joko', 'Kp. Simpangan KM 16 rmh No. 2 dr Pos Kamling', '', 'KD C', '', 'K 1', 'Aktif', 1),
('PV001267', '-', 'Riau Erlina', 'Kp. Air Bukit RT. 05 / RW. 02 No. 48 bwh Blok F BAR', '', 'KD J', '', 'K 2', 'Aktif', 1),
('PV001268', '-', 'Romi Irwanto', 'Perum Bumi Air Raja Blok F No. 147', '', 'KD A', '', 'K 1', 'Aktif', 1),
('PV001269', '-', 'Khusnul Fatimah', 'Perum Bumi Air Raja Blok C No. 305', '', 'KD A', '', 'K 1', 'Putus', 1),
('PV001270', '-', 'Jonni', 'Perum Kenangan Jaya Blok A No. 15', '', 'KD D', '', 'K 1', 'Putus', 1),
('PV001271', '-', 'Roni Oktora', 'Perum Senggarang Permai Blok I No. 02', '', 'KD B', '', 'K 1', 'Aktif', 1),
('PV001272', '-', 'Nardiono', 'Perum Bumi Air Raja Blok D No. 132 dpn P. Kodim', '', 'KD A', '', 'K 1', 'Aktif', 1),
('PV001273', '-', 'Rizki Reza Ansardi', 'Perum Bumi Air Raja Blok F No. 45', '', 'KD A', '', 'K 1', 'Aktif', 1),
('PV001274', '-', 'Harlina Bintariningtyas S. Pd', 'Perum Bumi Air Raja Blok C No. 168', '', 'KD A', '', 'K 1', 'Putus', 1),
('PV001275', '-', 'Ramdani', 'Perum Kenangan Jaya IV Blok A No. 09', '', 'KD D', '', 'K 1', 'Aktif', 1),
('PV001276', '-', 'Desi Kurniati', 'Belakang Toko Wira Utama Jl. Rajawali Perumnas', '', 'KD H 2', '', 'K 1', 'Putus Sementara', 1),
('PV001277', '-', 'Reja Akub', 'Perum Bumi Air Raja Blok F No. 199 ( Kontrakan )', '', 'KD A', '', 'K 1', 'Putus', 1),
('PV001278', '-', 'M. Sudiri', 'Perum Senggarang Permai Blok B 1 No. 09', '', 'KD B', '', 'K 2 / RK', 'Aktif', 1),
('PV001279', '-', 'Wanasmayani', 'Perum Senggarang Permai Blok P No. 19', '', 'KD B', '', 'K 1', 'Putus', 1),
('PV001280', '-', 'Weni Marlina', 'Perum Kenangan Jaya IV Blok C No. 26', '', 'KD D', '', 'K 1', 'Putus', 1),
('PV001281', '-', 'Apriyanto', 'Perum Kenangan Jaya IV Blok C No. 01', '', 'KD D', '', 'K 1', 'Putus', 1),
('PV001282', '-', 'Ambo Ake', 'Jl. Tg. Uban Komp. Perum 16 spg Rmh Makan Pak Etek', '', 'KD C', '', 'K 1', 'Putus', 1),
('PV001283', '-', 'Azman 2 ', 'Kp. Bawean dpn Ayu Blkng Sop Jenggot', '', 'KD E', '', 'K 1', 'Aktif', 1),
('PV001284', '-', 'Herlita', 'Komp. Perum 16 spg blkng Ibu Aceng', '', 'KD C', '', 'K 1', 'Putus', 1),
('PV001285', '-', 'Muhammad Yunus  S. AG', 'Perum Senggarang Permai Blok U No. 2', '', 'KD B', '', 'K 2', 'Putus Sementara', 1),
('PV001286', '-', 'Sunardi ( utang 27/1 )', 'Perum Senggarang Permai Blok M No. 19', '', 'KD B', '', 'K 1', 'Putus', 1),
('PV001287', '-', 'Sishendra', 'Perum Senggarang Permai Blok O No. 11', '', 'KD B', '', 'K 1', 'Putus', 1),
('PV001288', '-', 'Novia Dewi / Feri P.', 'Perum Green Pesona Mutiara Blok E No. 9', '', 'KD I', '', 'K 1', 'Aktif', 1),
('PV001289', '-', 'Efendi', 'Perum Senggarang Permai Blok M No. 22', '', 'KD B', '', 'K 1', 'Aktif', 1),
('PV001290', '-', 'Muhammad Asrori', 'Perum Senggarang Permai Blok I No. 05', '', 'KD B', '', 'K 1', 'Aktif', 1),
('PV001291', '-', 'Riskyandra Denata', 'Perum Kenangan Jaya IV Blok E No. 17', '', 'KD D', '', 'K 1', 'Putus', 1),
('PV001292', '-', 'Tjing Huang', 'Perum Kenangan Jaya IV Blok E No. 16', '', 'KD D', '', 'K 1', 'Putus Sementara', 1),
('PV001293', '-', 'Jojoe', 'Perum Kenangan Jaya IV Blok E No. 19', '', 'KD D', '', 'K 1', 'Aktif', 1),
('PV001294', '-', 'Ruswanto', 'Perum Puri Kencana Blok D No. 21', '', 'KD F', '', 'K 1', 'Putus', 1),
('PV001295', '-', 'Muhammad Hermansah', 'Perum 16 Gerbang II bekas rmh Heri RT 7 / RW 2', '', 'KD C', '', 'K 1', 'Aktif', 1),
('PV001296', '-', 'Sri Maryani', 'Jl. Raya Tg. Uban ruko sebelah kiri spg Notaris', '', 'KD C', '', 'K 1', 'Putus', 1),
('PV001297', '-', 'Mardiana', 'Perum Bumi Air Raja Blok A No.       spg Bimo', '', 'KD A', '', 'K 1', 'Putus', 1),
('PV001298', '-', 'Siswantoro Banyu Mukti', 'Perum Bumi Air Raja Blok C No. 186', '', 'KD A', '', 'K 1', 'Putus', 1),
('PV001299', '-', 'Sultan Zainuddin ', 'Perum Bumi Air Raja Blok C No. 120', '', 'KD A', '', 'K 1', 'Putus', 1),
('PV001300', '-', 'Ramli Kambey', 'Perum Bumi Air Raja Blok C No. 105', '', 'KD A', '', 'K 1', 'Aktif', 1),
('PV001301', '-', 'SM. Siahaan', 'Komp. Perum 16 blkng Bpk. Erik', '', 'KD C', '', 'K 1', 'Putus', 1),
('PV001302', '-', 'Dedi Pratomo', 'Perum Bumi Air Raja Blok C No. 42', '', 'KD A', '', 'K 1', 'Aktif', 1),
('PV001303', '-', 'M. Nasrul', 'Perum Bumi Air Raja Blok F No. 192 Jl. Bangau IX', '', 'KD A', '', 'K 1', 'Aktif', 1),
('PV001304', '-', 'M. Kusri', 'Jl. Ganet blkng PLTD dpn Supri', '', 'KD H', '', 'K 1', 'Putus', 1),
('PV001305', '-', 'Bendi', 'Jl. Tg. Uban KM16 blkng Ruko Ktr Pos spng Arian ( kontrakan 3 rmh )', '', 'KD C', '', 'K 1', 'Aktif', 1),
('PV001306', '-', 'Nobertus Sina', 'Perum Bumi Air Raja Blok C No. 156', '', 'KD A', '', 'K 1', 'Putus', 1),
('PV001307', '-', 'Saepul', 'Kp. Banjar Gg. Bawean dpn RT ( blkng Pos )', '', 'KD E', '', 'K 1', 'Aktif', 1),
('PV001308', '-', 'Ayank Mahyar Maharbay', 'Komp. Perum 16 dpn Kades ( salon ) RT 2 / RW 1', '', 'KD C', '', 'K 1', 'Aktif', 1),
('PV001309', '-', 'Lija Hutagaol', 'Perum Bumi Air Raja Blok F No. 264', '', 'KD A', '', 'K 1', 'Aktif', 1),
('PV001310', '-', 'Henny Pordiyanti', 'Perum Bumi Air Raja Blok F No. 83', '', 'KD A', '', 'K 1', 'Aktif', 1),
('PV001311', '-', 'Afrizal Amandus Banjarnahor', 'Perum Bumi Air Raja Blok F No. 187 ujung Jl. Bangau VIII', '', 'KD A', '', 'K 1', 'Putus', 1),
('PV001312', '-', 'Ismarwati', 'Kp. Air Bukit RT. 5 / RW. 2 No. 39', '', 'KD J', '', 'K 1', 'Aktif', 1),
('PV001313', '-', 'Wisman', 'Perum Bumi Air Raja Blok F No. 95 ( kontrakan ) Jl. Bangau III', '', 'KD A', '', 'K 1', 'Putus', 1),
('PV001314', '-', 'Dewi Sartika Sitinjak', 'Perum Bumi Air Raja Blok A No. 149', '', 'KD A', '', 'K 1', 'Putus', 1),
('PV001315', '-', 'Nanik Sutriani', 'Perum Green Pesona Mutiara Blok E No. 11', '', 'KD I', '', 'K 1', 'Aktif', 1),
('PV001316', '-', 'Muhamad Haris', 'Perum Senggarang Permai Blok M No. 31', '', 'KD B', '', 'K 1', 'Aktif', 1),
('PV001317', '-', 'Listiyaningsih', 'Perum Senggarang Permai Blok T No. 01', '', 'KD B', '', 'K 1', 'Aktif', 1),
('PV001318', '-', 'Astri Zonnaidi', 'Perum Kenangan Jaya IV Blok B No. 05 Hp. 085278191986', '', 'KD D', '', 'K 1', 'Putus', 1),
('PV001319', '-', 'Sukriyanto', 'Perum Korem KM 15 Blok G No. 7 Hp. 081275575754', '', 'KD G 1', '', 'K 1', 'Putus', 1),
('PV001320', '-', 'Setiatin Sulistya', 'Perum Bumi Air Raja Blok F No. 104 Bangau III Hp. 081277738240', '', 'KD A', '', 'K 1', 'Aktif', 1),
('PV001321', '-', 'Sugeng', 'Perum Senggarang Permai Blok B 1 No. 06 Hp. 087758764148', '', 'KD B', '', 'K 1', 'Putus Sementara', 1),
('PV001322', '-', 'Asril Masbah', 'Kp. Banjar Gg. Bawean blkng Sop Jenggot dpn Rustam Hp. 081275401909', '', 'KD E', '', 'K 1', 'Aktif', 1),
('PV001323', '-', 'Fitri Yanti', 'Kp. Banjar Gg. Bawean Blkng Sop Jenggot dpn Opung Hp. 082383651560', '', 'KD E', '', 'K 1', 'Aktif', 1),
('PV001324', '-', 'Paini', 'Jl. Raya Tg. Uban dpn Kantor Lurah ( warung ) Hp. 082171688955', '', 'KD B', '', 'K 1', 'Aktif', 1),
('PV001325', '-', 'Budi', 'Perum Senggarang Permai Blok L No. 01 Hp. 081268905499', '', 'KD B', '', 'K 1', 'Putus', 1),
('PV001326', '-', 'Elsi Novianti', 'Perum Senggarang Permai Blok S No. 10 Hp. 081261501707', '', 'KD B', '', 'K 1', 'Aktif', 1),
('PV001327', '-', 'Sri Dewi Haryanti', 'Perum Green Pesona Mutiara Blok G No. 3 Hp. 081372311347', '', 'KD I', '', 'K 1', 'Aktif', 1),
('PV001328', '-', 'Sukarno', 'Perum Bumi Air Raja Blok C No. 143 Hp. 082384105214', '', 'KD A', '', 'K 1', 'Aktif', 1),
('PV001329', '-', 'Sri Mediyana E. Mochtar S. Sos. I', 'Perum Bumi Air Raja Blok C No. 134 Hp. 081275573925', '', 'KD A', '', 'K 1', 'Aktif', 1),
('PV001330', '-', 'Erna', 'Komp. Perum 16 kontrakan Pak Rindon ( paling ujung )', '', 'KD C', '', 'K 1', 'Putus', 1),
('PV001331', '-', 'Bangun Maranatha P.', 'Perum Bumi Air Raja Blok F No. 261 ', '', 'KD A', '', 'K 1', 'Putus', 1),
('PV001332', '-', 'Hendra', 'Perum Bumi Air Raja Blok A No. 199 Hp. 085278555007', '', 'KD A', '', 'K 1', 'Putus', 1),
('PV001333', '-', 'Novi Sumbawati', 'Perum Bumi Air Raja Blok F No. 292', '', 'KD A', '', 'K 1', 'Aktif', 1),
('PV001334', '-', 'Agus Supriyanto', 'Kp. Simpangan KM 16 RT. 01 / RW. 01 spng Sutarman ( Keibun ) Hp. 081266336362', '', 'KD G', '', 'K 1', 'Aktif', 1),
('PV001335', '-', 'Ira Vidya Hasibuan', 'Perum Bumi Air Raja Blok F No. 196 Bangau IV Hp. 081261947494', '', 'KD A', '', 'K 1', 'Aktif', 1),
('PV001336', '-', 'Subari', 'Perum Bumi Air Raja Blok F No. 83 Jl. Bangau II Hp. 081275812987', '', 'KD A', '', 'K 1', 'Putus', 1),
('PV001337', '-', 'Ricky Hanafi Rumapea', 'Perum Bumi Air Raja Blok F No. 117 Hp. 081372718475', '', 'KD A', '', 'K 1', 'Aktif', 1),
('PV001338', '-', 'Misriyanto', 'Perum Puri Kencana Blok D No. 7 Hp. 081261846542', '', 'KD F', '', 'K 2', 'Aktif', 1),
('PV001339', '-', 'Feri Firmansyah', 'Perum Puri Kencana Blok D 1 No. 09 Hp. 082317151112', '', 'KD F', '', 'K 1', 'Putus', 1),
('PV001340', '-', 'Handoko Supriyanto', 'Perum Bumi Air Raja Blok F No. 190', '', 'KD A', '', 'K 1 / RK', 'Aktif', 1),
('PV001341', '-', 'Suriyati / Sarip ketua RW 3', 'Perum Bumi Air Raja Blok A No. 132 Hp. 082318373707 s/d jan 2020', '', 'KD A', '', 'K 1', 'Aktif', 1),
('PV001342', '-', 'Dian', 'Perum Bumi Air Raja Blok F No. 219 ( kontrakan 2 rmh ) Hp. 081277992501', '', 'KD A', '', 'K 1', 'Putus', 1),
('PV001343', '-', 'Sonita', 'Perum Bumi Air Raja Blok F No. 132', '', 'KD A', '', 'K 1', 'Putus', 1),
('PV001344', '-', 'Kusnadi', 'Perum Senggarang Permai Blok C No. 18', '', 'KD B', '', 'K 1', 'Putus', 1),
('PV001345', '-', 'Oktapietriani', 'KM 16 Gg. Bambu Kuning Jl. Perum Green Pesona dpn lapangan ', '', 'KD C', '', 'K 2', 'Aktif', 2),
('PV001346', '-', 'Tri Haryono', 'Perum Bumi Air Raja Blok A No. 47 Hp. 081364523452', '', 'KD A', '', 'K 1', 'Aktif', 1),
('PV001347', '-', 'Evi Nopitasari', 'Perum Korem Indo Mulya Blok H No. 02', '', 'KD G 1', '', 'K 1', 'Putus', 1),
('PV001348', '-', 'Mustafa', 'Perum Bumi Air Raja Blok B No. 84', '', 'KD A', '', 'K 1', 'Putus', 1),
('PV001349', '-', 'Asri Novrianti', 'Perum Senggarang Permai Blok E No. 04', '', 'KD B', '', 'K 1', 'Aktif', 1),
('PV001350', '-', 'Afandi', 'Perum Bumi Air Raja Blok A No. 139 ( kontrakan ) Hp. 081270489897', '', 'KD A', '', 'K 1', 'Putus', 1),
('PV001351', '-', 'Sartina ( utang dr April - Des 17 )', 'Perum Graha Indomulya Korem Blok A No. 01 Hp. 085283306228', '', 'KD G 1', '', 'K 2 / RK', 'Putus', 1),
('PV001352', '-', 'Eko Rudianto', 'Perum Bumi Air Raja Blok A No. 70 A Hp. 081268176464', '', 'KD A', '', 'K 1', 'Putus Sementara', 1),
('PV001353', '-', 'Adi Gunawan', 'Perum Bumi Air Raja Blok G No. 241 Hp. 082386658810', '', 'KD A', '', 'K 1', 'Aktif', 1),
('PV001354', '-', 'Indoma Krismiyanto', 'Perum Bumi Air Raja Blok A No. 44  ( kontrakan ) Hp. 081320362441', '', 'KD A', '', 'K 1', 'Putus', 1),
('PV001355', '-', 'Diana Wulandari', 'Perum Senggarang Permai Blok U No. 23 Hp. 082386366145', '', 'KD B', '', 'K 1', 'Putus', 1),
('PV001356', '-', 'Rika Dwijayanti', 'Perum KM 16 spg Pak Erwin Hp. 081365555115', '', 'KD C', '', 'K 1', 'Putus', 1),
('PV001357', '-', 'Hadisah', 'Perum Bumi Air Raja Blok B No. 43 deretan Heri Hp. 082170378777', '', 'KD A', '', 'K 1', 'Putus', 1),
('PV001358', '-', 'Sri Kurniaijati', 'Jl. Raya Tg. Uban cetak batako ( Bintan Bata ) Hp. 082392804853', '', 'KD A 1', '', 'K 1', 'Putus Sementara', 1),
('PV001359', '-', 'Heru Sasmito', 'Perum Bumi Air Raja Blok A No. 126 Hp. 082382053011', '', 'KD A', '', 'K 1', 'Aktif', 1),
('PV001360', '-', 'Hardariset', 'Perum Kenangan Jaya IV Blok E No. 02 Hp. 081372635596', '', 'KD D', '', 'K 2 / RK', 'Aktif', 1),
('PV001361', '-', 'Hildayeni', 'Perum Bumi Air Raja Blok F No. 44', '', 'KD A', '', 'K 1', 'Aktif', 1),
('PV001362', '-', 'Sudarmanto', 'Perum Bumi Air Raja Blok F No. 249 Jl. Bangau I Hp. 085264034448', '', 'KD A', '', 'K 1', 'Aktif', 1),
('PV001363', '-', 'Irwandi', 'Perum Bumi Air Raja Blok F No. 216 Jl. Bangau II Hp. 085365125360', '', 'KD A', '', 'K 1', 'Aktif', 1),
('PV001364', '-', 'Nurliah', 'Perum Senggarang Permai Blok O No. 20 Hp. 082174571428', '', 'KD B', '', 'K 1', 'Aktif', 1),
('PV001365', '-', 'Desrianty', 'Perum Korem Graha Indomulya Blok H No. 06 Hp. 085376106007', '', 'KD G 1', '', 'K 1', 'Aktif', 1),
('PV001366', '-', 'Karyanto', 'Kp. Simpangan KM 16 Keibun dpn RT. Sudarto ( warung )', '', 'KD G', '', 'K 1', 'Aktif', 1),
('PV001367', '-', 'Syarina', 'Perum Bumi Air Raja Blok A No. 40 Hp. 085264443377', '', 'KD A', '', 'K 1', 'Putus', 1),
('PV001368', '-', 'Bambang Setiyawan', 'Perum Bumi Air Raja Blok D no. 53 Hp. 082170381200', '', 'KD A', '', 'K 1', 'Aktif', 1),
('PV001369', '-', 'Dina Maryana', 'Perum Bumi Air Raja Blok D No. 100 Hp. 081381003124', '', 'KD A', '', 'K 1', 'Putus', 1),
('PV001370', '-', 'Nurlela Wati', 'Perum Bumi Air Raja Blok F No. 46 Hp. 081261949030', '', 'KD A', '', 'K 1', 'Putus', 1),
('PV001371', '-', 'R. Kholidin (2)', 'Perum Bumi Air Raja Blok A No. 198 ( kontrakan ) ', '', 'KD A', '', 'K 1', 'Putus Sementara', 1),
('PV001372', '-', 'Rodhian Donovan', 'Perum Bumi Air Raja Blok F No. 52 Hp. 085264987798', '', 'KD A', '', 'K 1', 'Aktif', 1),
('PV001373', '-', 'Muh. Imron Al Husni', 'Perum Senggarang Permai Blok B No. 32 Hp. 081364567752', '', 'KD B', '', 'K 2', 'Aktif', 1),
('PV001374', '-', 'Dody Haryadi', 'Perum Ruko dpn Gerbang Vihara Rental PS sebelah massage ( Puri Surya Mas )', '', 'KD H 1', '', 'K 1', 'Putus Sementara', 1),
('PV001375', '-', 'Rizaldi Nasution', 'Perum Bumi Air Raja Blok G No. 173 Hp. 085263141915', '', 'KD A', '', 'K 1', 'Aktif', 1),
('PV001376', '-', 'Fengki Darwan Pekiri', 'Perum Senggarang Permai Blok M No. 13 Hp. 082193260094', '', 'KD B', '', 'K 1', 'Putus', 1),
('PV001377', '-', 'Syarifah Rusmi', 'Perum Senggarang Permai Blok U No. 09 Hp. 081277342858', '', 'KD B', '', 'K 1', 'Putus', 1),
('PV001378', '-', 'Tjhai Hie', 'Jl. Raya Tg. Uban KM 14 ( bengkel mobil spng ruko )', '', 'KD H 2', '', 'K 1', 'Putus Sementara', 1);
INSERT INTO `tmst_pelanggan` (`no_registrasi`, `no_ktp`, `nama_lengkap`, `alamat`, `alamat2`, `kode_daerah`, `no_hp`, `id_kolektor`, `status`, `jenis_pelanggan`) VALUES
('PV001379', '-', 'Sumarsih', 'Perum Puri Kencana Blok G No. 13 Hp. 081991488857', '', 'KD F', '', 'K 1', 'Putus', 1),
('PV001380', '-', 'Joedansius Adrastus', 'Perum Bumi Air Raja Blok F No. 48 Jl. Bangau I Hp. 085272207065', '', 'KD A', '', 'K 1', 'Aktif', 1),
('PV001381', '-', 'Rinawati', 'Perum Bumi Air Raja Blok F No. 271 Hp. 085263167060', '', 'KD A', '', 'K 1', 'Aktif', 1),
('PV001382', '-', 'Muhamad Rasyid Ridho', 'Perum Puri Kencana Blok G No. 3 B Hp. 08127699217', '', 'KD F', '', 'K 1', 'Aktif', 1),
('PV001383', '-', 'Titik', 'Perum Bumi Air Raja Blok F No. 200 ( dpn lapangan ) Hp. 085265625035', '', 'KD A', '', 'K 1', 'Aktif', 1),
('PV001384', '-', 'Syahputra', 'Kp. Banjar Gg. Bawean dpn Fitri Hp. 085364017484', '', 'KD E', '', 'K 1', 'Putus', 1),
('PV001385', '-', 'Apriyadi', 'Perum Korem Graha Indomulya Blok D No. 09 Hp. 085272163372', '', 'KD G 1', '', 'K 1', 'Putus', 1),
('PV001386', '-', 'Odeh Anuar', 'Perum Graha Indomulya Korem Blok A No. 4 Hp. 085272723731', '', 'KD G 1', '', 'K 1', 'Aktif', 1),
('PV001387', '-', 'Erwan Iswanto', 'Perum Bumi Air Raja Blok G No. 254 Jl. Kaswari II Hp. 085264300132', '', 'KD A', '', 'K 1', 'Aktif', 1),
('PV001388', '-', 'Arnita Gandauli Sipahutar', 'Perum Bumi Air Raja Blok F No. 87 Jl. Bangau II Hp. 082169229166', '', 'KD A', '', 'K 1', 'Aktif', 1),
('PV001389', '-', 'Nomika Sinaga', 'Perum Bumi Air Raja Blok C No. 130 Jl. Tiung VI Hp. 081360041646', '', 'KD A', '', 'K 1', 'Aktif', 1),
('PV001390', '-', 'Japri', 'Perum Bumi Air Raja Blok B No. 43 Hp. 081270029095', '', 'KD A', '', 'K 1', 'Aktif', 1),
('PV001391', '-', 'Maryanus Taoft', 'Jl. PLTD Ganet ( kontrakan Faisal ) spg Herman Bani', '', 'KD H', '', 'K 1', 'Putus', 1),
('PV001392', '-', 'Afra Wati', 'Perum Bumi Air Raja Blok A No. 111 Hp. 082311901101', '', 'KD A', '', 'K 1', 'Aktif', 1),
('PV001393', '-', 'Taufik Hidayat', 'Jl. Raya Tg. Uban / PT. Indoprof Motor Sejati', '', 'KD C', '', 'K 1', 'Putus', 1),
('PV001394', '-', 'Muhammad Hasbi', 'Perum Graha Indomulya Korem Blok A No. 12 Hp. 085264227766 ', '', 'KD G 1', '', 'K 1', 'Putus', 1),
('PV001395', '-', 'Aang / Mardani', 'Perum Green Pesona Mutiara Blok C No. 13', '', 'KD I', '', 'K 2', 'Aktif', 1),
('PV001396', '-', 'Agus Riyanto', 'Perum Senggarang Permai Blok D No. 22 Hp. 0812706995', '', 'KD B', '', 'K 1', 'Putus', 1),
('PV001397', '-', 'Lidya Sandy', 'Perum Bumi Air Raja Blok A No.     spng Isap', '', 'KD A', '', 'K 1', 'Putus', 1),
('PV001398', '-', 'Sisnugroho', 'Perum Bumi Air Raja Blok F No. 90 Jl. Bangau II Hp. 081991237388 ', '', 'KD A', '', 'K 1', 'Putus', 1),
('PV001399', '-', 'Neli', 'Perum Bumi Air Raja Blok F No. 159 ( dpn lapangan ) Hp. 082384636044', '', 'KD A', '', 'K 1', 'Putus', 1),
('PV001400', '-', 'Fariyanti', 'Perum Crystal Indah Jl. Ganet TPA PLTD ruko No. 7', '', 'KD H', '', 'K 1', 'Putus', 1),
('PV001401', '-', 'Mulyadi', 'Jl. Ganet TPA PLTD samping warung Pak Faisal yg baru Hp. 085272124317', '', 'KD H', '', 'K 1', 'Aktif', 1),
('PV001402', '-', 'Misdi', 'Kp. Simpangan KM 16 ruko 2 pintu dpn Keibun Hp. 081372151344', '', 'KD G', '', 'K 1', 'Putus', 1),
('PV001403', '-', 'Sri Rasmiati', 'Jl. Raya Tg. Uban KM 16 spng rmh Bang Basri Hp. 081372711577', '', 'KD C', '', 'K 1', 'Aktif', 1),
('PV001404', '-', 'Anisah', 'Perum Senggarang Permai Blok S No. 09 Hp. 082382692345', '', 'KD B', '', 'K 1', 'Aktif', 1),
('PV001405', '-', 'Sri Hidayati', 'Perum Bumi Air Raja Blok C No. 310 Hp. 082385696648', '', 'KD A', '', 'K 1', 'Putus', 1),
('PV001406', '-', 'Dessy Utami Lestari', 'Perum Graha Indomulya Korem Blok G No. 02 Hp. 085261859541', '', 'KD G 1', '', 'K 1', 'Aktif', 1),
('PV001407', '-', 'Enmarni', 'Perum Bumi Air Raja Blok G No. 235 Hp. 085356181637', '', 'KD A', '', 'K 1', 'Aktif', 1),
('PV001408', '-', 'Siti Khasanah', 'Perum Bumi Air Raja Blok C No. 213 Hp. 081267623689', '', 'KD A', '', 'K 1', 'Putus', 1),
('PV001409', '-', 'Ella Novitasari', 'Perum Puri Kencana Blok E No. 22', '', 'KD F', '', 'K 1', 'Putus', 1),
('PV001410', '-', 'Siti Rohana', 'Perum Bumi Air Raja Blok F No. 251 Hp. 082391419390', '', 'KD A', '', 'K 1', 'Putus', 1),
('PV001411', '-', 'Robinson', 'Jl. Rajawali Belakang Toko Wira Utama Hp. 082390111398', '', 'KD H 2', '', 'K 1', 'Aktif', 1),
('PV001412', '-', 'Aldetra', 'Jl. Bambu Kuning III No. 13 deretan Pak Basri Hp. 082172758968', '', 'KD C', '', 'K 1', 'Aktif', 1),
('PV001413', '-', 'Ria', 'Jl. Raya Tg. Uban Komp. Perum 16 ( kontrakan No. 1 ) spg Pak Udin', '', 'KD C', '', 'K 1', 'Putus', 1),
('PV001414', '-', 'Darmukit', 'Perum Bumi Air Raja Blok D No. 37 Hp. 085335987019', '', 'KD A', '', 'K 1', 'Putus', 1),
('PV001415', '-', 'Sumiati', 'Kp. Banjar Gg. Bawean blkng Sop Jenggot RT. 02 RW. 06 No. 22 Hp. 085264666333', '', 'KD E', '', 'K 1', 'Aktif', 1),
('PV001416', '-', 'M. Nazmi H. Sy', 'Kp. Banjar Gg. Bawean RT. 03 RW. 06 No. 20', '', 'KD E', '', 'K 1', 'Aktif', 1),
('PV001417', '-', 'Sunggul Marudut Sirait', 'Perum Bumi Air Raja Blok G No. 275 Jl. Kaswari XI Hp. 085264452226', '', 'KD A', '', 'K 1', 'Aktif', 1),
('PV001418', '-', 'Drs. Tukiran Siswosumitro', 'Jl. PLTD TPA kontrakan belakang pintu No. 3 Hp. 085271893584', '', 'KD H', '', 'K 1', 'Putus', 1),
('PV001419', '-', 'Gejiah Pihabel', 'KM 16 Komp. Perum bekas SM. Siahaan', '', 'KD C', '', 'K 1', 'Putus', 1),
('PV001420', '-', 'Dedy Wijaya', 'Perum Bumi Air Raja Blok F No. 85 Hp. 085272376066', '', 'KD A', '', 'K 1', 'Aktif', 1),
('PV001421', '-', 'Olreni Rotua Manurung', 'Perum Senggarang Permai Blok N No. 07 Hp. 081260152521', '', 'KD B', '', 'K 2 / RK', 'Aktif', 1),
('PV001422', '-', 'Juadi', 'Komp. Perum 16 spng Power Suplay lama Hp. 082169665298', '', 'KD C', '', 'K 1', 'Putus Sementara', 1),
('PV001423', '-', 'Eneng Diana', 'Perum Bumi Air Raja Blok A No. 68 Hp. 081261007120', '', 'KD A', '', 'K 1', 'Aktif', 1),
('PV001424', '-', 'A. A. Gunawan', 'Perum Bumi Air Raja Blok C No. 131 Hp. 082392864252', '', 'KD A', '', 'K 1', 'Putus', 1),
('PV001425', '-', 'Asmarwanto', 'Perum Bumi Air Raja Blok F No. 255 Hp. 081991567743', '', 'KD A', '', 'K 1', 'Putus', 1),
('PV001426', '-', 'Karolina Uba', 'Kp. Banjar Gg. Bawean blkng Sop Jenggot spng RW', '', 'KD E', '', 'K 1', 'Putus', 1),
('PV001427', '-', 'Ronawati Aritonang', 'Perum Senggarang Permai Blok O No. 04 Hp. 081364791995', '', 'KD B', '', 'K 1', 'Aktif', 1),
('PV001428', '-', 'Sitompul', 'Perum Senggarang Permai Blok K No. 02', '', 'KD B', '', 'K 1', 'Putus', 1),
('PV001429', '-', 'Wijiyanto', 'Perum Bumi Air Raja Blok F No. 123 Hp. 081372572273', '', 'KD A', '', 'K 1', 'Putus', 1),
('PV001430', '-', 'Hermawan', 'Simpang jalan masuk lokalisasi sebelah kanan', '', 'KD C', '', 'K 2', 'Aktif', 1),
('PV001431', '-', 'Irwansyah Harahap', 'Perum Bumi Air Raja Blok G No. 259 Hp. 081991700511', '', 'KD A', '', 'K 1', 'Aktif', 1),
('PV001432', '-', 'Suwardi', 'Perum Puri Surya Mas Blok F No. 06 Hp. 082174977327', '', 'KD H 1', '', 'K 1', 'Putus', 1),
('PV001433', '-', 'Syahendri', 'Perum Green Pesona Mutiara Blok C No. 07 Hp. 082388537272', '', 'KD I', '', 'K 1', 'Putus', 1),
('PV001434', '-', 'Bakhtiar', 'Perum Senggarang Permai Blok K No. 25', '', 'KD B', '', 'K 1', 'Putus Sementara', 1),
('PV001435', '-', 'Yedi Hermawan', 'Perum Kenangan Jaya IV Blok C No. 27', '', 'KD D', '', 'K 2', 'Aktif', 1),
('PV001436', '-', 'Fitri', 'Perum Bumi Air Raja Blok C No. 123', '', 'KD A', '', 'K 1', 'Putus', 1),
('PV001437', '-', 'Kamarudin', 'Perum Bumi Air Raja Blok A No. 44 ( kontrakan 3 pintu ) rmh induk', '', 'KD A', '', 'K 1', 'Putus', 1),
('PV001438', '-', 'Narsih', 'Perum Bumi Air Raja Blok C No. 83 ( kontrakan No. 1 kiri ) Pupu Juwarianto', '', 'KD A', '', 'K 1', 'Putus', 1),
('PV001439', '-', 'Nurlis', 'Perum Bumi Air Raja Blok F No. 70 Hp. 081372141912', '', 'KD A', '', 'K 1', 'Putus', 1),
('PV001440', '-', 'Khatijah', 'Kp. Air Raja Blkng Tk. Wira Utama No. 50 RT. 4/ RW. 2 ( blkng Armanita ) Hp. 085365213730', '', 'KD H 2', '', 'K 1', 'Aktif', 1),
('PV001441', '-', 'Yumardiansah Maulana', 'Kp. Banjar Gg. Bawean blkng sop jenggot samping Suhandi Hp. 081277527772', '', 'KD E', '', 'K 1', 'Aktif', 1),
('PV001442', '-', 'Suhandi', 'Jl. Raya Tg. Uban KM 16 pencucian motor sblh kanan Hp. 085264562000', '', 'KD C', '', 'K 1', 'Putus', 1),
('PV001443', '-', 'Fajar Suhariyan Marzuki', 'Perum Kenangan Jaya IV Blok B No. 16 Hp. 081372360006', '', 'KD D', '', 'K 1', 'Aktif', 1),
('PV001444', '-', 'Ika Aprina', 'Perum Bumi Air Raja Blok C No. 99 Hp. 085374117898', '', 'KD A', '', 'K 1', 'Aktif', 1),
('PV001445', '-', 'Afrida Kartika', 'Perum Bumi Air Raja Blok C No. 290 Hp. 085263171951', '', 'KD A', '', 'K 1', 'Aktif', 1),
('PV001446', '-', 'Nurhayati', 'Perum Bumi Air Raja Blok C No. 173 Hp. 085770706769 / 081216162020', '', 'KD A', '', 'K 1', 'Putus', 1),
('PV001447', '-', 'Khairani Nurjanah', 'Perum Bumi Air Raja Blok C No. 186 Hp. 085272187315', '', 'KD A', '', 'K 1', 'Aktif', 1),
('PV001448', '-', 'Sinta Purnama Sari', 'Perum Bumi Air Raja Blok G No. 175 Hp. 085765340004', '', 'KD A', '', 'K 1', 'Putus', 1),
('PV001449', '-', 'Indra Jaya', 'Kp. Banjar Gg. Bawean smpng dpn Mesjid Mualimin Hp. 081277556626', '', 'KD E', '', 'K 1', 'Aktif', 1),
('PV001450', '-', 'Tdejo Prawoko', 'Kp. Banjar Gg. Bawean blkng S. Jenggot spng Numrot S. RT. 3/RW. 6 Hp. 082389122115', '', 'KD E', '', 'K 1', 'Aktif', 1),
('PV001451', '-', 'Rico R. Lumban Tobing', 'Perum Bumi Air Raja Blok A No. 149 Hp. 085272527288', '', 'KD A', '', 'K 1', 'Aktif', 1),
('PV001452', '-', 'Fitri Wijayanti', 'Perum Bumi Air Raja Blok D No. 81 Hp. 081365559294', '', 'KD A', '', 'K 1', 'Aktif', 1),
('PV001453', '-', 'B. Efendi', 'Perum Bumi Air Raja Blok C No. 185 Hp. 082174775488', '', 'KD A', '', 'K 1', 'Putus', 1),
('PV001454', '-', 'Rudolf Sinurat', 'Perum Bumi Air Raja Blok C No.     samping ruko Ali Panjaitan', '', 'KD A', '', 'K 1', 'Aktif', 1),
('PV001455', '-', 'Lingce Purba', 'Perum Senggarang Permai Blok U No. 09 Hp. 082172272172', '', 'KD B', '', 'K 2 / RK', 'Putus', 1),
('PV001456', '-', 'Parmonangan Manalu', 'Jl. Raya Tg. Uban KM 15 dpn Kantor Lurah Hp. 081270138926', '', 'KD B', '', 'K 2', 'Putus Sementara', 1),
('PV001457', '-', 'Hendry Noor', 'Perum Bumi Air Raja Blok A No.    samping Ahuat Air Galon Hp. 085365231483', '', 'KD A', '', 'K 1', 'Aktif', 1),
('PV001458', '-', 'Osbel Nainggolan', 'Perum Puri Kencana Blok D No. 11 Hp. 085264628558', '', 'KD F', '', 'K 2 ', 'Aktif', 1),
('PV001459', '-', 'Nurholis. SP', 'Perum Bumi Air Raja Blok A No. 162 Hp. 085268499291', '', 'KD A', '', 'K 1', 'Putus', 1),
('PV001460', '-', 'Sandhi Andaru', 'Perum Bumi Air Raja Blok C No. 57 Hp. 085356278824', '', 'KD A', '', 'K 1', 'Aktif', 1),
('PV001461', '-', 'Sunarti', 'Perum Bumi Air Raja Blok A No. 137 Hp. 085278191937', '', 'KD A', '', 'K 1', 'Aktif', 1),
('PV001462', '-', 'Juliyanti', 'Perum Bumi Air Raja Blok D No. 81 ( kontrakan 2 pintu ) Hp. 083183215108', '', 'KD A', '', 'K 1', 'Putus', 1),
('PV001463', '-', 'Zulkarno', 'Perum Kenangan Jaya IV Blok D No. 26 Hp. 085264943338', '', 'KD D', '', 'K 1', 'Putus', 1),
('PV001464', '-', 'Anton Simanjuntak', 'Perum Kenangan Jaya IV Blok C No. 12 Hp. 081269911333', '', 'KD D', '', 'K 1', 'Pindah', 1),
('PV001465', '-', 'Lenti Mutiara Panjaitan', 'Perum Bumi Air Raja Blok G No. 271 Kaswari  XII Hp. 081325093171', '', 'KD A', '', 'K 1', 'Aktif', 1),
('PV001466', '-', 'Rahmaida Br. Hutajulu', 'Perum Bumi Air Raja Blok G No. 255 Hp. 085272163489', '', 'KD A', '', 'K 1', 'Aktif', 1),
('PV001467', '-', 'Judah', 'Komp. Perum KM 16 spng Acuang M. Omri RT. 4 / RW. 1 Hp. 085365125259', '', 'KD C', '', 'K 1', 'Aktif', 1),
('PV001468', '-', 'Andri Mamantung', 'Perum Puri Kencana Blok D No. 21 Hp. 081261118182', '', 'KD F', '', 'K 1', 'Putus', 1),
('PV001469', '-', 'Lustriadi Nasution', 'Perum Bumi Air Raja Blok G No. 193 Jl. Kaswari VII Hp. 085264682226', '', 'KD A', '', 'K 1', 'Aktif', 1),
('PV001470', '-', 'Farida Hannum ', 'Perum Bumi Air Raja Blok G No. 211 Hp. 081277202901', '', 'KD A', '', 'K 1', 'Aktif', 1),
('PV001471', '-', 'Rahimudin', 'Jl. Ganet PLTD dpn Pak Paisal Gg. Makmur sblh kanan ( rmh 2 pintu ) Hp. 082288243542', '', 'KD H', '', 'K 2 / RK', 'Aktif', 1),
('PV001472', '-', 'Said Abdurrahman', 'Perum Kenangan Jaya IV Blok A No. 1 Hp. 082169969449', '', 'KD D', '', 'K 1', 'Putus', 1),
('PV001473', '-', 'Eko Sukarno', 'Perum Bumi Air Raja Blok G No. 181 Hp. 081266707198', '', 'KD A', '', 'K 1', 'Aktif', 1),
('PV001474', '-', 'Tjhai Sinfa', 'Komp. Perum KM 16 bks Ahua spng Umi Zepin', '', 'KD C', '', 'K 1', 'Putus', 1),
('PV001475', '-', 'Riono', 'Perum Puri Kencana Blok F No. 02 Hp. 085314950758', '', 'KD F', '', 'K 1', 'Aktif', 1),
('PV001476', '-', 'Erik Candra Kurniawan', 'Perum Bumi Air Raja Blok B No. 30 Hp. 081378566326', '', 'KD A', '', 'K 1', 'Putus', 1),
('PV001477', '-', 'Riati', 'Kp. Air Bukit No. 46 RT. 05/ RW. 02 Kel. Pinang Kencana', '', 'KD J', '', 'K 1', 'Aktif', 1),
('PV001478', '-', 'Dewi Apriani', 'Perum Bumi Air Raja Blok G No. 217 Hp. 082174466028', '', 'KD A', '', 'K 1', 'Aktif', 1),
('PV001479', '-', 'Ansori', 'Perum Bumi Air Raja Blok C No. 119 Hp. 085272909522', '', 'KD A', '', 'K 1', 'Aktif', 1),
('PV001480', '-', 'Magdalena', 'Perum Bumi Air Raja Blok F No. 143 dpn lapangan Hp. 081277660009', '', 'KD A', '', 'K 1', 'Putus', 1),
('PV001481', '-', 'Dedy Bin Tjarmun', 'Perum Puri Kencana Blok F No. 17 Hp. 082387833777', '', 'KD F', '', 'K 1', 'Putus', 1),
('PV001482', '-', 'Suwarti', 'Perum Senggarang Permai Blok M No. 21 Hp. 082169300999', '', 'KD B', '', 'K 1', 'Aktif', 1),
('PV001483', '-', 'Asri Hengki', 'Perum Senggarang Permai Blok M No. 25 Hp. 085365115796', '', 'KD B', '', 'K 1', 'Aktif', 1),
('PV001484', '-', 'Rini Pratewi', 'Perum Bumi Air Raja Blok C No. 265 Hp. 085265633712', '', 'KD A', '', 'K 1', 'Putus', 1),
('PV001485', '-', 'Media Saputra', 'Jl. Utama Bumi Air Raja ruko laundry 2 pintu Blok D Hp. 082374781630', '', 'KD A', '', 'K 1', 'Aktif', 1),
('PV001486', '-', 'Yeni Fujianti', 'Perum Bumi Air Raja Blok F No. 189 Jl. Bangau IX Hp. 082382043724', '', 'KD A', '', 'K 1', 'Aktif', 1),
('PV001487', '-', 'Dedi Purnama', 'Perum Bumi Air Raja Blok G No. 238 Jl. Kaswari Hp. 085364885346', '', 'KD A', '', 'K 1', 'Aktif', 1),
('PV001488', '-', 'Freddy Hutahaean', 'Perum Bumi Air Raja Blok G No. 264 Jl. Kaswari ujung bwh Blok D Hp. 081362083379', '', 'KD A', '', 'K 1', 'Aktif', 1),
('PV001489', '-', 'Liswanto', 'Perum Bumi Air Raja Blok G No. 263 Hp. 085263409301', '', 'KD A', '', 'K 1', 'Aktif', 1),
('PV001490', '-', 'Beni', 'Jl. PLTD Air Raja Kp. Air Bukit RT. 5/RW. 2 No. 28 ( blkng ruko dpn Pak Faisal lama ) Hp. 081261090421', '', 'KD H', '', 'K 1', 'Putus', 1),
('PV001491', '-', 'Muslim', 'Simpang Jl. TPA PLTD Ganet warung No. 1 pinggir jln utama ', '', 'KD H', '', 'K 1', 'Putus Sementara', 1),
('PV001492', '-', 'Hendi Zulham', 'Perum Bumi Air Raja Blok C lama No. 115 Hp. 082283870058', '', 'KD A', '', 'K 1', 'Aktif', 1),
('PV001493', '-', 'Lukni Maolana', 'Perum Bumi Air Raja Blok C baru No. 189 Hp. 082285112666', '', 'KD A', '', 'K 1', 'Putus', 1),
('PV001494', '-', 'Pendi', 'Bkng Sop Jenggot Gg. Bawean 7 simpang pohon kelapa Hp. 082283907979', '', 'KD E', '', 'K 2 / RK', 'Aktif', 1),
('PV001495', '-', 'Jery Tambunan', 'Perum Bumi Air Raja Blok C lama No. 88 Hp. 082391998490', '', 'KD A', '', 'K 1', 'Putus', 1),
('PV001496', '-', 'Sarniah', 'Kp. Banjar Gg. Bawean blkng Sop jenggot RT. 3/RW. 6 No. 12 spng Ayu Ho. 085263450353', '', 'KD E', '', 'K 1', 'Aktif', 1),
('PV001497', '-', 'Irwandy, S. IP', 'Perum Green Pesona Mutiara Blok C No. 17 Hp. 081270041212', '', 'KD I', '', 'K 2', 'Putus', 1),
('PV001498', '-', 'Nur Chasanah', 'Perum Green Pesona Mutiara Blok A No. 06 Hp. 085272510077', '', 'KD I', '', 'K 1', 'Aktif', 1),
('PV001499', '-', 'Lutfi Luantara', 'Perum Bumi Air Raja Blok F No. 102 Jl. Bangau III Hp. 08126102653', '', 'KD A', '', 'K 1', 'Aktif', 1),
('PV001500', '-', 'Meriana Sitinjak', 'Perum Bumi Air Raja Blok F No. 95 spng rmh kontrakan', '', 'KD A', '', 'K 1', 'Aktif', 1),
('PV001501', '-', 'Akbar Tanjung', 'Perum Bumi Air Raja Blok F No. 187 A ( dpn Taufik Efendi ) Hp. 081266694061', '', 'KD A', '', 'K 1', 'Putus', 1),
('PV001502', '-', 'Indah Purwita Sari', 'Perum Bumi Air Raja Blok G No. 213 Hp. 085264000777', '', 'KD A', '', 'K 1', 'Aktif', 1),
('PV001503', '-', 'Ardi Jais', 'Perum Bumi Air Raja Blok G No. 218 Hp. 081364702799', '', 'KD A', '', 'K 1', 'Aktif', 1),
('PV001504', '-', 'Sutiman', 'Perum Bumi Air Raja Blok G No. 279 Jl. Kaswari XI Hp. 082174449668', '', 'KD A', '', 'K 1', 'Putus Sementara', 1),
('PV001505', '-', 'Lister Panjaitan', 'Perum Bumi Air Raja Blok C No. 296 Hp. 081261023011', '', 'KD A', '', 'K 1', 'Aktif', 1),
('PV001506', '-', 'Ema', 'Perum Puri Kencana Blok G No. 3 A Hp. 082391032484', '', 'KD F', '', 'K 2', 'Putus', 1),
('PV001507', '-', 'Suratman', 'Perum Bumi Air Raja Blok C No. 101 Hp. 081364652632', '', 'KD A', '', 'K 1', 'Aktif', 1),
('PV001508', '-', 'Ipoy', 'Perum Bumi Air Raja Blok C No. 131 Hp. 085765474424', '', 'KD A', '', 'K 1', 'Putus', 1),
('PV001509', '-', 'Misrianto / Ester', 'Perum Bumi Air Raja Blok F No. 77 Hp. 081261352426', '', 'KD A', '', 'K 1', 'Aktif', 1),
('PV001510', '-', 'Candra Munadi', 'Perum Senggarang Permai Blok M No. 03 Hp. 081277172559', '', 'KD B', '', 'K 1', 'Aktif', 1),
('PV001511', '-', 'Siti', 'Perum Bumi Air Raja Blok F No. 168 ( samping Taufik Efendi )', '', 'KD A', '', 'K 1', 'Putus', 1),
('PV001512', '-', 'Sumarlin', 'Perum Bumi Air Raja Blok B No. 73 Hp. 081364721761', '', 'KD A', '', 'K 1', 'Putus Sementara', 1),
('PV001513', '-', 'Hary Eka Pratama', 'Perum Green Pesona Mutiara Blok A No. 05 Hp. 085276205727', '', 'KD I', '', 'K 2', 'Putus', 1),
('PV001514', '-', 'Anggie Tomoko', 'Jl. PLTD Air Raja kontrakan Faisal spng Yanto Hp. 081261991122', '', 'KD H', '', 'K 1', 'Putus Sementara', 1),
('PV001515', '-', 'Suri Mariana', 'Perum Senggarang Permai  Blok O No. 11 Hp. 081266471552', '', 'KD B', '', 'K 2 / RK', 'Aktif', 1),
('PV001516', '-', 'Yuliana', 'Perum Bumi Air Raja Blok A No. 36 Hp. 081991386543', '', 'KD A', '', 'K 1', 'Aktif', 1),
('PV001517', '-', 'Sumanto', 'Perum Bumi Air Raja Blok B No. 85 Hp. 081991348090', '', 'KD A', '', 'K 1', 'Aktif', 1),
('PV001518', '-', 'Zulkarnain', 'Perum Bumi Air Raja Blok C baru No. 152 Jl. Tiung IV Hp. 082169971001', '', 'KD A', '', 'K 1', 'Aktif', 1),
('PV001519', '-', 'Rinto Arahap', 'Perum Graha Indomulya Korem Blok B No. 01 ( spng pos ronda ) Hp. 081222278396', '', 'KD G 1', '', 'K 1', 'Aktif', 1),
('PV001520', '-', 'Drs. Tukiran S. / Putri', 'Jl. PLTD Air Raja kontrakan Pak Faisal rmh Ibu Nanik Astuti', '', 'KD H', '', 'K 1', 'Aktif', 1),
('PV001521', '-', 'Kasdi', 'Perum Griya Lestari Permai Blok D No. 14 Hp. 081372345666', '', 'KD B 1', '', 'K 1', 'Aktif', 1),
('PV001522', '-', 'Januar Sapta', 'Perum Bumi Air Raja Blok F No. 273 ujung batas Blok G Hp. 085272076346', '', 'KD A', '', 'K 1', 'Aktif', 1),
('PV001523', '-', 'Addi Adam ', 'Perum Bumi Air Raja Blok F No. 212 Jl. Bangau X Hp. 085668838852', '', 'KD A', '', 'K 1', 'Putus', 1),
('PV001524', '-', 'Surianto', 'Perum Graha Indomulya Korem Blok A No. 11 Hp. 081261486741', '', 'KD G 1', '', 'K 1', 'Putus', 1),
('PV001525', '-', 'Jesman Parulian Panjaitan', 'Perum Bumi Air Raja Blok C baru No. 171 Hp. 081264065846', '', 'KD A', '', 'K 1', 'Aktif', 1),
('PV001526', '-', 'Efendi', 'Perum Green Pesona Mutiara Blok G No. 04 Hp. 085375691245 ', '', 'KD I', '', 'K 1', 'Putus', 1),
('PV001527', '-', 'Kodri Hasan', 'Perum Senggarang Permai Blok J No. 04 ', '', 'KD B', '', 'K 1', 'Putus', 1),
('PV001528', '-', 'Erison', 'Perum Bumi Air Raja Blok B No. 62', '', 'KD A', '', 'K 1', 'Aktif', 2),
('PV001529', '-', 'Denny Rusprianta', 'Perum Graha Indomulya Korem Blok I No. 6 Hp. 082389122700', '', 'KD G 1', '', 'K 1', 'Aktif', 1),
('PV001530', '-', 'Surahman', 'Perum Graha Indomulya Korem Blok I Np. 7 Hp. 081372087966', '', 'KD G 1', '', 'K 1', 'Aktif', 1),
('PV001531', '-', 'Rina', 'Perum Senggarang Permai Blok K No. 04 Hp. 085386622224', '', 'KD B', '', 'K 1', 'Putus', 1),
('PV001532', '-', 'Andika', 'Perum Bumi Air Raja Blok F No. 247 Hp. 082111358915', '', 'KD A', '', 'K 1', 'Aktif', 1),
('PV001533', '-', 'Riken Gultom', 'Perum Bumi Air Raja Blok F No. 128 Hp. 082284198827', '', 'KD A', '', 'K 1', 'Putus', 1),
('PV001534', '-', 'Edi Iskandar', 'Perum Bumi Air Raja Blok A No. 121 Hp. 082288273331', '', 'KD A', '', 'K 1', 'Putus', 1),
('PV001535', '-', 'Erlina', 'Perum Senggarang Permai Blok O No. 08 Hp. 082391027155', '', 'KD B', '', 'K 1', 'Aktif', 1),
('PV001536', '-', 'Zurmannelly', 'Perum Senggarang Permai Blok R No. 17 Hp. 082283994406', '', 'KD B', '', 'K 1', 'Putus', 1),
('PV001537', '-', 'Tugiyanto', 'Perum Kenangan Jaya IV Blok B No. 01 Hp. 081261316977', '', 'KD D', '', 'K 1', 'Putus', 1),
('PV001538', '-', 'Darmisyah / Tikno', 'Jl. Raya Tg. Uban KM 16 lorong Arif M. blkng ruko 2 pintu Hp. 081239599995', '', 'KD C', '', 'K 1', 'Aktif', 2),
('PV001539', '-', 'Amir Iskandar', 'Kp. Simpangan KM 16 Keibun ( rmh 2 pintu ) atas Pak Mukarom Hp. 081368180794', '', 'KD G', '', 'K 1', 'Aktif', 1),
('PV001540', '-', 'Darmalis', 'Perum Bumi Air Raja Blok G No. 278 Jl. Kaswari XI Hp. 085264421615', '', 'KD A', '', 'K 1', 'Putus', 1),
('PV001541', '-', 'Supalyanto', 'Perum Bumi Air Raja Blok C No. 77 Hp. 081270105174', '', 'KD A', '', 'K 1', 'Putus', 1),
('PV001542', '-', 'Bayu Apriyadi', 'Perum Kenangan Jaya IV kontrakan Pak Ariyanto Hp. 081321251515', '', 'KD D', '', 'K 1', 'Aktif', 1),
('PV001543', '-', 'Valdino Giovandi Napitupulu', 'Perum Bumi Air Raja Blok F No. 197 Hp. 081267329505', '', 'KD A', '', 'K 1 / RK', 'Putus', 1),
('PV001544', '-', 'Adini Laia', 'Perum Bumi Air Raja Blok F No. 251 Hp. 081266706332', '', 'KD A', '', 'K 1', 'Putus', 1),
('PV001545', '-', 'Nursiah Saragi', 'Jl. Raya Tg. Uban KM 16 ruko setelah Pertamina No. 6 ( pakaian second )', '', 'KD C', '', 'K 1', 'Putus', 1),
('PV001546', '-', 'Setyowati', 'Perum Bumi Air Raja Blok C baru No. 213 Hp. 08192256247', '', 'KD A', '', 'K 1', 'Putus', 1),
('PV001547', '-', 'Umar', 'Jl. Raya Tg. Uban KM 16 samping Gg. Cendrawasih ( warung / tambal ban ) Hp. 081364101790', '', 'KD C', '', 'K 1', 'Aktif', 1),
('PV001548', '-', 'Peri Syarif', 'Perum Senggarang Permai Blok B No. 05 Hp. 085264442883', '', 'KD B', '', 'K 1', 'Aktif', 1),
('PV001549', '-', 'Wahyu Sudirman', 'Perum Puri Kencana Blok D No. 12 A Hp. 081261688208', '', 'KD F', '', 'K 1', 'Aktif', 1),
('PV001550', '-', 'Wawan Setiawan', 'Perum Puri Kencana Blok E No. 20 Hp. 089651444844', '', 'KD F', '', 'K 1', 'Aktif', 1),
('PV001551', '-', 'Ardian Satria', 'Kp. Simpangan Tuapaya Selatan RT. 1 RW. 1 tikungan Surau Al - Hikmah spng Pak Mukharom Hp. 081372808325', '', 'KD G', '', 'K 1', 'Putus', 1),
('PV001552', '-', 'Pondri Yani', 'Perum Senggarang Permai Blok D No. 19 Hp. 082171328333', '', 'KD B', '', 'K 1', 'Aktif', 1),
('PV001553', '-', 'Rosnani', 'Perum Bumi Air Raja Blok G No. 178 Hp. 082390860825', '', 'KD A', '', 'K 1', 'Aktif', 1),
('PV001554', '-', 'Linda', 'Perum Bumi Air Raja Blok G No. 180 Hp. 081991707117', '', 'KD A', '', 'K 1 / RK', 'Aktif', 1),
('PV001555', '-', 'Muhammad Razi', 'Perum Senggarang Permai Blok M No. 34 Hp. 081364482888', '', 'KD B', '', 'K 1', 'Aktif', 1),
('PV001556', '-', 'Suwito', 'Perum Bumi Air Raja Blok F No. 181 Jl. Bangau VIII', '', 'KD A', '', 'K 1', 'Aktif', 1),
('PV001557', '-', 'Febrian Firza', 'Perum Bumi Air Raja Blok C Baru No. 142 Jl. Tiung VI Hp. 085265836831', '', 'KD A', '', 'K 1', 'Putus', 1),
('PV001558', '-', 'Firma Dona', 'Perum Bumi Air Raja Blok C Baru No. 307 Hp. 085264261396', '', 'KD A', '', 'K 1', 'Aktif', 1),
('PV001559', '-', 'Beldi Simabura', 'Perum Bumi Air Raja Blok C Baru No. 156 Hp. 085271815199', '', 'KD A', '', 'K 1', 'Putus', 1),
('PV001560', '-', 'Rozita', 'Perum Graha Indomulya dpn Mesjid Nurul Iman ( jaringan terakhir ) Hp. 081275706757', '', 'KD G 1', '', 'K 1', 'Putus', 1),
('PV001561', '-', 'Rusli', 'Jl. Raya Tg. Uban KM 16 blkng Kantor Pos kontrakan 4 pintu No. 2 Hp. 082381235278', '', 'KD C', '', 'K 1', 'Putus', 1),
('PV001562', '-', 'Abdul Malek Sulaiman', 'Perum Kenangan Jaya IV Blok A No. 17 Hp. 082390183734', '', 'KD D', '', 'K 1', 'Putus', 1),
('PV001563', '-', 'Rina Agustina Manurung', 'Perum Bumi Air Raja Blok F No. 278 ujung antara Blok G Hp. 082386660604', '', 'KD A', '', 'K 1', 'Aktif', 1),
('PV001564', '-', 'Ruslan', 'KM 16 Gg. Bambu Kuning 3 dpn Deny Apriyanto', '', 'KD C', '', 'K 1', 'Aktif', 1),
('PV001565', '-', 'Ahmad Hasyim', 'Perum Kenangan Jaya IV Blok B No. 27 Hp. 082172307729', '', 'KD D', '', 'K 1', 'Aktif', 1),
('PV001566', '-', 'Martoni Aprizal', 'Perum Puri Kencana Blok F No. 07 Hp. 081268121397', '', 'KD F', '', 'K 1', 'Aktif', 1),
('PV001567', '-', 'Dasriyenita, Spd', 'Perum Senggarang Permai Blok T No. 04 Hp. 081363813044', '', 'KD B', '', 'K 1', 'Aktif', 1),
('PV001568', '-', 'Ajeng', 'Komp. Perum KM 16 dpn Rosadi Hp. 082169813996', '', 'KD C', '', 'K 1', 'Aktif', 1),
('PV001569', '-', 'C. Harahap', 'Perum Graha Indo Mulya Blok A No. 8 Hp. 081277880189', '', 'KD G 1', '', 'K 1', 'Aktif', 1),
('PV001570', '-', 'Pitri Maulansari', 'Perum Senggarang Permai Blok O No. 01 ( kontrakan 2 pintu ) Ho. 081277693377', '', 'KD B', '', 'K 1', 'Putus', 1),
('PV001571', '-', 'Gatot Sumantri', 'Perum Senggarang Permai Blok K No. 25', '', 'KD B', '', 'K 1', 'Aktif', 1),
('PV001572', '-', 'Rasidi', 'Kp. Banjar Gg. Bawean Air Raja No. 03 samping warung S. Jenggot', '', 'KD E', '', 'K 1', 'Aktif', 1),
('PV001573', '-', 'Rona Lamsyah', 'Perum Bumi Air Raja Blok C Baru No. 178 Hp. 087836431882', '', 'KD A', '', 'K 1', 'Aktif', 1),
('PV001574', '-', 'Awang Awangsih', 'Perum Bumi Air Raja Residence Blok D No. 1 A Hp. 081277208572', '', 'KD H 1', '', 'K 1', 'Aktif', 1),
('PV001575', '-', 'Minda Darwin ', 'Perum Kenangan Jaya IV Blok E No. 14 Hp. 085272751540', '', 'KD D', '', 'K 1', 'Putus', 1),
('PV001576', '-', 'Supriyono', 'Perum Bumi Air Raja Blok C No. 183 Hp. 085264542219', '', 'KD A', '', 'K 1', 'Aktif', 1),
('PV001577', '-', 'Dodi Yulefri', 'Perum Bumi Air Raja Blok G No. 200 Hp. 085272406851', '', 'KD A', '', 'K 1', 'Aktif', 1),
('PV001578', '-', 'Amang', 'Jl. Raya Tg. Uban KM 15 spng Suroso Usman bakso ( warung )', '', 'KD B', '', 'K 1', 'Aktif', 1),
('PV001579', '-', 'Ari Sudarwati ( utang 27/1 )', 'Kp. Simpangan KM 16 deretan balak spng Nely Sinambela ( rmh 2 pintu ) Hp. 085271730333', '', 'KD G', '', 'K 2 / RK', 'Putus', 1),
('PV001580', '-', 'Robert Rasmi', 'Perum Senggarang Permai Blok G No. 15 Hp. 081266580299', '', 'KD B', '', 'K 1', 'Aktif', 1),
('PV001581', '-', 'Dedi Mulyadi', 'Perum Senggarang Permai Blok U No. 12 Hp. 085264163477', '', 'KD B', '', 'K 1', 'Aktif', 1),
('PV001582', '-', 'Ruth Sahanaya Hutapea', 'Perum Bumi Air Raja Blok F No. 159 dpn Lapangan umum', '', 'KD A', '', 'K 1', 'Putus', 1),
('PV001583', '-', 'Budi Hartono', 'Perum Bumi Air Raja Blok F No. 291 Jl. Bangau VIII Hp. 081364102503', '', 'KD A', '', 'K 1', 'Aktif', 1),
('PV001584', '-', 'Iramdani', 'Perum Senggarang Permai Blok C No. 28 Hp. 085765318018', '', 'KD B', '', 'K 1', 'Aktif', 1),
('PV001585', '-', 'Dedi Bonario Napitupulu', 'Perum Bumi Air Raja Blok F No. 211', '', 'KD A', '', 'K 1', 'Aktif', 1),
('PV001586', '-', 'Titik Sumarti', 'Perum Senggarang Permai Blok B No. 20 Hp. 081364050505', '', 'KD B', '', 'K 2', 'Aktif', 1),
('PV001587', '-', 'Budi Ahmad', 'Perum Senggarang Permai Blok A No. 02', '', 'KD B', '', 'K 1', 'Aktif', 1),
('PV001588', '-', 'Sefdiana Indah Sari', 'Perum Puri Kencana Blok E No. 07 Hp. 082317151119', '', 'KD F', '', 'K 2', 'Aktif', 1),
('PV001589', '-', 'Kartika', 'Perum Bumi Air Raja Blok F No. 103 Hp. 085264883134', '', 'KD A', '', 'K 1', 'Aktif', 1),
('PV001590', '-', 'Andi Junaedi', 'Perum Bumi Air Raja Blok C Baru No. 314 Hp. 085207882600', '', 'KD A', '', 'K 1', 'Aktif', 1),
('PV001591', '-', 'Aguslim', 'Perum Bumi Air Raja Blok G No. 206 Hp. 081270261037', '', 'KD A', '', 'K 1', 'Aktif', 1),
('PV001592', '-', 'M. Radenis', 'Perum Graha Indomulya Korem Blok F No. 03 Hp. 085272215744', '', 'KD G 1', '', 'K 1', 'Aktif', 1),
('PV001593', '-', 'Agus Anton', 'Jl. Raya Tg. Uban KM 15 deretan Bakso Suroso U.', '', 'KD B', '', 'K 1', 'Putus', 1),
('PV001594', '-', 'Ewik Nova Suzanti R. SH', 'Perum Air Raja Residence Blok D No. 03 Hp. 081377742798', '', 'KD H 1', '', 'K 1', 'Aktif', 1),
('PV001595', '-', 'Nurjaya Dinata, A. Md', 'Perum Bumi Air Raja Blok C No. 93 Hp. 081275587858', '', 'KD A', '', 'K 1', 'Aktif', 1),
('PV001596', '-', 'Rinto Haryanto', 'Perum Senggarang Permai Blok T No. 23 Hp. 082284416790', '', 'KD B', '', 'K 2', 'Putus', 1),
('PV001597', '-', 'Nyompa', 'Jl. Raya Tg. Uban KM 16 Gerbang 2 blkng Heri Hp. 085365122015', '', 'KD C', '', 'K 1', 'Aktif', 1),
('PV001598', '-', 'Gunawan', 'Perum Puri Kencana Blok D No. 22 Hp. 085264658033', '', 'KD F', '', 'K 1', 'Aktif', 1),
('PV001599', '-', 'Nur Hayani', 'Perum Bumi Air Raja Blok A No. 194 Hp. 082384547278', '', 'KD A', '', 'K 1', 'Putus', 1),
('PV001600', '-', 'Irisa Nadeja', 'Perum Senggarang Permai Blok E No. 08 Hp. 081363153389', '', 'KD B', '', 'K 1', 'Aktif', 1),
('PV001601', '-', 'Sularman', 'Perum Senggarang Permai Blok M No. 06 Hp. 081364351512', '', 'KD B', '', 'K 1', 'Aktif', 1),
('PV001602', '-', 'Marudut Panjaitan', 'Perum Bumi Air Raja Blok G No. 260 Hp. 085272275665', '', 'KD A', '', 'K 1', 'Aktif', 1),
('PV001603', '-', 'Fierson Tambunan', 'Perum Bumi Air Raja Blok F No. 186 ( kontrakan 4 pintu )', '', 'KD A', '', 'K 1', 'Putus', 1),
('PV001604', '-', 'Juwariyah Maya', 'Pinggir Jl. Raya Senggarang ( bekas Yusnita )', '', 'KD B', '', 'K 1', 'Putus', 1),
('PV001605', '-', 'Suhandito', 'Komp. Perum KM 16 bks Wali Sapriawan blkng Alex', '', 'KD C', '', 'K 1', 'Aktif', 1),
('PV001606', '-', 'Notaris Nana Fitriana SH. M. Kn', 'Jl. Raya Tg. Uban KM 16 ruko sblm Fauzan ( PS ) sebelah LPG Hp. 082283683435', '', 'KD C', '', 'K 1', 'Putus', 1),
('PV001607', '-', 'Jatmiko', 'Perum Senggarang Permai Blok R No. 02 Hp. 081276001228', '', 'KD B', '', 'K 1', 'Putus', 1),
('PV001608', '-', 'Leo Candra', 'Jl. Raya Tg. Uban KM 16 Jl. Mesjid Gg. Toko Sepatu perum Acok No. 01 Hp. 085363107831', '', 'KD C', '', 'K 1', 'Putus', 1),
('PV001609', '-', 'Henri Syayuti', 'Jl. Raya Tg. Uban KM 16 Jl. Mesjid Gg. Toko Sepatu perum Acok No. 03 Hp. 081364055792', '', 'KD C', '', 'K 1', 'Putus', 1),
('PV001610', '-', 'Syapril', 'Jl. Raya Tg. Uban KM 16 Jl. Mesjid Gg. Toko Sepatu Perum Acok No. 02 Hp. 081374042799', '', 'KD C', '', 'K 1', 'Putus Sementara', 1),
('PV001611', '-', 'Indo Tang', 'Jl. Raya Tg. Uban KM 16 RT. 006 / 002 deretan Basri', '', 'KD C', '', 'K 1', 'Putus', 1),
('PV001612', '-', 'La Uwa', 'Perum Bumi Air Raja Blok F No. 61 Jl. Bangau I Hp. 081268151433', '', 'KD A', '', 'K 1', 'Aktif', 1),
('PV001613', '-', 'Yanrizal Muzakar', 'Perum Bumi Air Raja Blok G No. 252 Hp. 081276420646', '', 'KD A', '', 'K 1', 'Aktif', 1),
('PV001614', '-', 'Reniwati', 'Perum Bumi Air Raja Blok D No. 134 Hp. 081364452252', '', 'KD A', '', 'K 1', 'Aktif', 1),
('PV001615', '-', 'Fitri Istriyanti', 'Jl. Raya Tg. Uban Komp Perum KM 16 RT. 007 / 002 ( rmh Heri kodok ) Hp. 081350508607', '', 'KD C', '', 'K 1', 'Aktif', 1),
('PV001616', '-', 'Rudi Riswandi', 'Jl. Bambu Kuning III blkng Deny Hp. 082283866837', '', 'KD C', '', 'K 1', 'Putus', 1),
('PV001617', '-', 'Sukrun Nikmat Al Arif Billah', 'Perum Senggarang Permai Blok B No. 38', '', 'KD B', '', 'K 1', 'Putus', 1),
('PV001618', '-', 'Ida Magdalia', 'Perum Senggarang Permai Blok A 1 No.        Hp. 082177374003', '', 'KD B', '', 'K 1', 'Putus', 1),
('PV001619', '-', 'Demmy', 'Perum Bumi Air Raja Blok F No. 274 Hp. 082173605075', '', 'KD A', '', 'K 1', 'Aktif', 1),
('PV001620', '-', 'Rahmad Hidayat', 'Perum Bumi Air Raja Blok A No. 70 A Hp. 082174814252', '', 'KD A', '', 'K 1', 'Putus', 1),
('PV001621', '-', 'Regina Agustina', 'Perum Bumi Air Raja Blok F No. 197 Jl. Bangau IX kontrakan 3 pintu Hp. 081363918999', '', 'KD A', '', 'K 1', 'Putus', 1),
('PV001622', '-', 'Adrifal ', 'Perum Senggarang Permai Blok K No. 29 Hp. 085363881936', '', 'KD B', '', 'K 1', 'Putus', 1),
('PV001623', '-', 'Pardomuan Siregar', 'Perum Senggarang Permai Blok R No. 17 Hp. 081364027367', '', 'KD B', '', 'K 1', 'Putus', 1),
('PV001624', '-', 'Rahimus Satar ST.', 'Perum Senggarang Permai Blok U No. 03 Hp. 0811804459', '', 'KD B', '', 'K 1', 'Putus', 1),
('PV001625', '-', 'Cici Ira Susanti', 'Perum Bumi Air Raja Blok A No. 123 Hp. 081372603280', '', 'KD A', '', 'K 1', 'Putus', 1),
('PV001626', '-', 'Efendi HD / Gerinda', 'Jl. Raya Tg. Uban ruko 2 pintu ', '', 'KD C', '', 'K 1', 'Putus', 1),
('PV001627', '-', 'Riki Cipto Simanjuntak', 'Perum Senggarang Lestari Permai Blok D No. 27 Hp. 081372097305', '', 'KD B 1', '', 'K 1', 'Aktif', 1),
('PV001628', '-', 'Rio Mulyawan', 'Perum Kenangan Jaya IV Blok E No. 02 Hp. 082385891239', '', 'KD D', '', 'K 1', 'Putus', 1),
('PV001629', '-', 'Jodi Jama Eka', 'Perum Bumi Air Raja Blok F No. 105 Hp. 085264025001', '', 'KD A', '', 'K 1', 'Aktif', 1),
('PV001630', '-', 'Sukateman', 'Perum Bumi Air Raja Blok G No. 253 Jl. Kaswari XI Hp. 08126102701', '', 'KD A', '', 'K 1', 'Aktif', 1),
('PV001631', '-', 'Sulistiyono', 'Perum Puri Surya Mas Blok G No. 05 Hp. 08117745337', '', 'KD H 1', '', 'K 1', 'Aktif', 1),
('PV001632', '-', 'Sri Dewi Susanti', 'Perum Bumi Air Raja Blok A No. 43 Hp. 081266298108', '', 'KD A', '', 'K 1', 'Putus', 1),
('PV001633', '-', 'Rinah / Terapi Ion', 'Kp. Air Bukit No. 18 RT. 05 / RW. 02 Hp. 085264080676', '', 'KD A 1', '', 'K 1', 'Aktif', 1),
('PV001634', '-', 'David Andryadi', 'Perum Bumi Air Raja Blok A No. 44 kontrakan 3 pintu Hp. 081270923111', '', 'KD A', '', 'K 1', 'Putus Sementara', 1),
('PV001635', '-', 'Irwan Tirta R. Lubis', 'Perum Green Pesona Mutiara Blok F No. 02 Hp. 082385508788', '', 'KD I', '', 'K 2', 'Aktif', 1),
('PV001636', '-', 'Doni Anwari', 'Kp. Simpangan Keibun dpn Arni Mediawati', '', 'KD G', '', 'K 1', 'Aktif', 1),
('PV001637', '-', 'Jon Hendri', 'Perum Bumi Air Raja Blok A No. 48 Hp. 082382793408', '', 'KD A', '', 'K 1', 'Putus Sementara', 1),
('PV001638', '-', 'Sasmarni', 'Perum Bumi Air Raja Blok F No. 53 Jl. Bangau I Hp. 081277141153', '', 'KD A', '', 'K 1', 'Aktif', 1),
('PV001639', '-', 'Budi Yanto', 'Perum Bumi Air Raja Blok F No. 248 Hp. 081276437506', '', 'KD A', '', 'K 1', 'Aktif', 1),
('PV001640', '-', 'Candra Rinaldi', 'Perum Bumi Air Raja Blok F No. 224 Hp. 082172762795', '', 'KD A', '', 'K 1', 'Aktif', 1),
('PV001641', '-', 'Ragil Pujiarti', 'Perum Bumi Air Raja Blok D No. 33 Hp. 081261008528', '', 'KD A', '', 'K 1', 'Aktif', 1),
('PV001642', '-', 'Roiyinah Ningsih', 'Perum Bumi Air Raja Blok A No. 100 Hp. 082141106115', '', 'KD A', '', 'K 1', 'Putus', 1),
('PV001643', '-', 'Putri Imansari', 'Jl. Raya Tg. Uban spng bawah warung Pak Riko', '', 'KD A 1', '', 'K 1', 'Aktif', 1),
('PV001644', '-', 'Siti', 'Perum Puri Kencana Blok F No. 14 Hp. 081991571032', '', 'KD F', '', 'K 1', 'Putus', 1),
('PV001645', '-', 'Hasdiati', 'Kp. Banjar Gg. Bawean blkng S. Jenggot RT. 03 RW. 06 dpn Mexori S. Hp. 081364121934', '', 'KD E', '', 'K 1', 'Putus Sementara', 1),
('PV001646', '-', 'Teguh Laksono', 'Perum Kenangan Jaya IV Blok C No. 11 Hp. 085263254403', '', 'KD D', '', 'K 1', 'Aktif', 1),
('PV001647', '-', 'Syahrial', 'Perum Bumi Air Raja Blok F No. 88 Hp. 085263318834', '', 'KD A', '', 'K 1', 'Aktif', 1),
('PV001648', '-', 'Zulihah', 'Perum Bumi Air Raja Blok B No. 108', '', 'KD A', '', 'K 1', 'Aktif', 1),
('PV001649', '-', 'Eny Prasetiyowati, MS', 'Perum Bumi Air Raja Blok C No. 294 Hp. 082285301798', '', 'KD A', '', 'K 1', 'Putus', 1),
('PV001650', '-', 'Mhd. Hakim Ansori Martha', 'Perum Bumi Air Raja Blok C No. 132 Hp. 085264377917', '', 'KD A', '', 'K 1', 'Aktif', 1),
('PV001651', '-', 'Muhammad Faisal Lukman', 'Perum Bumi Air Raja Blok G No. 195 Hp. 082388323910', '', 'KD A', '', 'K 1', 'Aktif', 1),
('PV001652', '-', 'Nofia Wilda', 'Jl. Raya Tg. Uban KM 14 warung pinggir Jl. Ganet TPA PLTD Air Raja ( warung No. 5 ) Hp. 081270633471', '', 'KD H', '', 'K 1 / RK', 'Aktif', 1),
('PV001653', '-', 'Anita Siburian', 'Jl. Raya Tg. Uban KM 14 warung pinggir jl. Ganet TPA PLTD Air Raja ( warung No. 6 ) ', '', 'KD H', '', 'K 1 / RK', 'Aktif', 1),
('PV001654', '-', 'Egi Yuliandi Putri', 'Perum Kenangan Jaya IV Blok E No. 18 Hp. 081991572097', '', 'KD D', '', 'K 1', 'Aktif', 1),
('PV001655', '-', 'Masnawi', 'Perum Senggarang Lestari Blok B No. 26 Hp. 085264498672', '', 'KD B 1', '', 'K 1', 'Aktif', 1),
('PV001656', '-', 'Joko Raharjo', 'Perum Bumi Air Raja Blok G No. 207 Hp. 085272788891', '', 'KD A', '', 'K 1', 'Aktif', 1),
('PV001657', '-', 'A. Risnandar', 'Perum Bumi Air Raja Blok C No. 77 Hp. 081364770012', '', 'KD A', '', 'K 1 / RK', 'Putus', 1),
('PV001658', '-', 'Bustami', 'Kp. Banjar Gg. Bawean kontrakan ibu RT ( kontrakan 2 pintu ) Hp. 085668165153', '', 'KD E', '', 'K 1 / RK', 'Aktif', 1),
('PV001659', '-', 'Panusunan Siahaan', 'Perum Kenangan Jaya IV Blok C No. 20 Hp. 081270294912', '', 'KD D', '', 'K 1', 'Aktif', 1),
('PV001660', '-', 'Norhasikin', 'Kp. Banjar Gg. Bawean blkng Sop Jenggot dpn PAUD rmh warna kuning Hp. 085365992640', '', 'KD E', '', 'K 1', 'Putus', 1),
('PV001661', '-', 'Ridwan', 'Perum Bumi Air Raja Blok B No. 98', '', 'KD A', '', 'K 1 / RK', 'Aktif', 1),
('PV001662', '-', 'Okta Widian Putra', 'Perum Bumi Air Raja Blok G No. 269', '', 'KD A', '', 'K 1', 'Aktif', 1),
('PV001663', '-', 'Rina Noviyanti', 'Perum Puri Kencana Blok E No. 18 Hp. 085263007220', '', 'KD F', '', 'K 2', 'Aktif', 1),
('PV001664', '-', 'Sumiyati Bungsu ( Nenek Yadi )', 'Jl. Raya Tg. Uban RT. 08 / RW. 02 blkng ruko spng Yadi ( masuk Perum Green Pesona Mutiara )', '', 'KD C', '', 'K 1', 'Aktif', 1),
('PV001665', '-', 'Sriyati', 'Perum Kenangan Jaya IV Blok A No. 02 Hp. 081277674780', '', 'KD D', '', 'K 2 / RK', 'Putus', 1),
('PV001666', '-', 'Doni Butar Butar', 'Perum Senggarang Permai Blok L No. 08 Hp. 081364240611', '', 'KD B', '', 'K 2 / RK', 'Putus', 1),
('PV001667', '-', 'Dwi Prayitno', 'Perum Bumi Air Raja Blok D No. 129 Hp. 081326128557', '', 'KD A', '', 'K 1', 'Putus', 1),
('PV001668', '-', 'Mujahidin', 'Perum Senggarang Permai Blok T No. 25 Hp. 082391063351', '', 'KD B', '', 'K 2 / RK', 'Putus Sementara', 1),
('PV001669', '-', 'Hasan Basri / Ibu Alad', 'Komp. Perum KM 16 spng Nasif RT. 06 / RW. 02 Hp. 081290861605', '', 'KD C', '', 'K 2', 'Aktif', 1),
('PV001670', '-', 'Sininingati', 'Kp. Air Raja blkng PLTD atas Supri Blok A No. 09 RT. 04 / RW. 02', '', 'KD H', '', 'K 2', 'Putus', 1),
('PV001671', '-', 'Dewi Fatimah', 'Perum Bumi Air Raja Blok G No. 191 Hp. 081364926260', '', 'KD A', '', 'K 1', 'Aktif', 1),
('PV001672', '-', 'Irma Syuryani Harahap', 'Komp. Perum KM 16 blkng Acok', '', 'KD C', '', 'K 2 / RK', 'Aktif', 1),
('PV001673', '-', 'Riatoni', 'Perum Graha Indomulya Korem Blok F No. 01', '', 'KD G 1', '', 'K 2', 'Putus', 1),
('PV001674', '-', 'Candra Eka Putra', 'Perum Bumi Air Raja Blok C No. 315 Hp. 085273885113', '', 'KD A', '', 'K 1 / RK', 'Aktif', 1),
('PV001675', '-', 'Ebas Mariaty Simanjuntak', 'Perum Bumi Air Raja Blok F No.      samping Jl. Bangau V No. 67 atau No. 126 Bangau IV Hp. 085264890408', '', 'KD A', '', 'K 1', 'Aktif', 1),
('PV001676', '-', 'Syarifah Kris Kartika Sari', 'Perum Air Raja Residence Blok C No. 5 Hp. 081266235487', '', 'KD H 1', '', 'K 2', 'Putus', 1),
('PV001677', '-', 'Saeful', 'Perum Bumi Air Raja Blok F No. 266 Hp. 081372003415', '', 'KD A', '', 'K 1', 'Aktif', 1),
('PV001678', '-', 'Muhammad Soleh', 'Kp. Simpangan Keibun spng jalan atas Katwadi Hp. 081365312983', '', 'KD G', '', 'K 1', 'Aktif', 1),
('PV001679', '-', 'Sudiyono', 'Jl. Ganet PLTD Air Raja spng pencucian motor KM 14 ( warung makan ) Hp. 082169592693', '', 'KD H', '', 'K 2', 'Aktif', 1),
('PV001680', '-', 'Eryk Sembadha', 'Perum Senggarang Permai Blok F No.08 Hp. 081310999006', '', 'KD B', '', 'K 2', 'Aktif', 1),
('PV001681', '-', 'Aspan Hasibuan', 'Perum Bumi Air Raja Blok C No. 177 Hp. 081277480831', '', 'KD A', '', 'K 1 / RK', 'Putus', 1),
('PV001682', '-', 'Indah Novika', 'Perum Senggarang Permai Blok C No. 14 Hp. 082179414846', '', 'KD B', '', 'K 2 / RK', 'Aktif', 1),
('PV001683', '-', 'Soni Silalahi', 'Perum Bumi Air Raja Blok G No. 201 Hp. 082360102129', '', 'KD A', '', 'K 1 / RK', 'Putus', 1),
('PV001684', '-', 'Siti Aisyah', 'Perum Bumi Air Raja Blok F No. 197 Hp. 082386765458', '', 'KD A', '', 'K 1 / RK', 'Putus', 1),
('PV001685', '-', 'Ita Karlina', 'Perum Bumi Air Raja Blok G No. 262 Hp. 08126882238', '', 'KD A', '', 'K 1', 'Aktif', 1),
('PV001686', '-', 'Rawud Jadi', 'Jl. Raya Tg. Uban KM 16 blkng Kantor Pos ( kontrakan 4 pintu ) Hp. 085331693014', '', 'KD C', '', 'K 2 / RK', 'Aktif', 1),
('PV001687', '-', 'Pahrizal', 'Jl. Blkng Toko Wira Utama samping Pak RW No. 24 RT. 04 / RW. 02 Hp. 081991341424', '', 'KD H 2', '', 'K 2', 'Aktif', 1),
('PV001688', '-', 'M. Said', 'Perum Bumi Air Raja Blok B No. 111 Hp. 085264161604', '', 'KD A', '', 'K 1', 'Aktif', 1),
('PV001689', '-', 'Paulina Manalu', 'Perum Kenangan Jaya IV Blok C No. 10 Hp. 085272079409', '', 'KD D', '', 'K 2 / RK', 'Putus Sementara', 1),
('PV001690', '-', 'Maliki', 'Perum Bumi Air Raja Blok C No. 162 Hp. 085203555296', '', 'KD A', '', 'K 1 / RK', 'Aktif', 1),
('PV001691', '-', 'Gatot Ediriyanto', 'Perum Bumi Air Raja Blok A No. 70 ( kontrakan 2 pintu ) Hp. 085374443291', '', 'KD A', '', 'K 1 / RK', 'Putus', 1),
('PV001692', '-', 'Ato Kartobi', 'Perum Bumi Air Raja Blok D No. 100 Hp. 085274050799', '', 'KD A', '', 'K 1 / RK', 'Putus Sementara', 1),
('PV001693', '-', 'Tika Sianturi', 'Perum Senggarang Permai Blok R No. 02 Hp. 082386965838', '', 'KD B', '', 'K 2 / RK', 'Aktif', 1),
('PV001694', '-', 'R. Syamsuraini', 'Perum Bumi Air Raja Blok A No. 70 A ', '', 'KD A', '', 'K 1 / RK', 'Aktif', 1),
('PV001695', '-', 'Kurniati', 'Perum Bumi Air Raja Blok C No. 172 Gg. Tiung VI Hp. 082385503442', '', 'KD A', '', 'K 1', 'Aktif', 1),
('PV001696', '-', 'Slamet Prasodjo', 'Perum Bumi Air Raja Blok C No. 123 Hp. 085227771184', '', 'KD A', '', 'K 1 / RK', 'Aktif', 1),
('PV001697', '-', 'Jhoni Alfian', 'Perum Senggarang Permai Blok C No. 04 Hp. 081277261974', '', 'KD B', '', 'K 2', 'Aktif', 1),
('PV001698', '-', 'Erita Andriani', 'Perum Senggarang Permai Blok O No. 23 Hp. 081266335844', '', 'KD B', '', 'K 2', 'Aktif', 1),
('PV001699', '-', 'Yeni', 'KM 16 Gg. Bambu Kuning 3 dpn Perum Green Pesona Mutiara Hp. 081270283764', '', 'KD C', '', 'K 2', 'Aktif', 1),
('PV001700', '-', 'Sudirman', 'Perum Bumi Air Raja Blok B No. 65 Hp. 081364694587', '', 'KD A', '', 'K 1', 'Aktif', 1),
('PV001701', '-', 'Eko Suprianto', 'Jl. PLTD Ganet Gg. Rambutan Perum Kristal Indah No. 06 ( blkng ruko ) Hp. 085264265056', '', 'KD H', '', 'K 2 ', 'Aktif', 1),
('PV001702', '-', 'Esnyoto', 'Komp. Perum KM 16 RT. 04/ RW. 01 blkng Rmh Bu Darsih Hp. 083184855573', '', 'KD C', '', 'K 2 ', 'Aktif', 1),
('PV001703', '-', 'Erwin Manik', 'Perum Senggarang Permai Blok D No. 14 Hp. 082170381214', '', 'KD B', '', 'K 2 ', 'Aktif', 1),
('PV001704', '-', 'Kristianus Wara', 'Perum Senggarang Permai Blok J No. 05 Hp. 082173819355', '', 'KD B', '', 'K 2', 'Aktif', 1),
('PV001705', '-', 'Roinaldi Naibaho', 'Komp. Perum KM 16 ( eks rmh Acok ) Hp. 081363156555', '', 'KD C', '', 'K 2 / RK', 'Putus', 1),
('PV001706', '-', 'Sakem', 'Jl. Bambu Kuning 3 dpn Perum G.P.M Kp. Simpangan RT. 08 / RW. 02 Hp. 082392524034', '', 'KD C', '', 'K 2', 'Aktif', 1),
('PV001707', '-', 'Bukhari', 'Jl. Bambu Kuning 3 dpn Perum G.P.M Kp. Simpangan RT. 08 / RW. 02 Hp. 08126198408', '', 'KD C', '', 'K 2', 'Aktif', 1),
('PV001708', '-', 'Rusnawati', 'Jl. Bambu Kuning 3 Agen gas LPG 3 kg Usman Efendi RT. 08 / RW. 02 Hp. 085264491733', '', 'KD C', '', 'K 2', 'Aktif', 1),
('PV001709', '-', 'M. Fasan', 'Perum Bumi Air Raja Blok F No. 92 Hp. 085264026222', '', 'KD A', '', 'K 1', 'Aktif', 1),
('PV001710', '-', 'Jamal', 'Perum Bumi Air Raja Blok F No. 199 ( kontrakan 3 pintu ) Hp. 082283987014', '', 'KD A', '', 'K 1 / RK', 'Aktif', 1),
('PV001711', '-', 'Ratna', 'Perum Bumi Air Raja Blok F No. 144 Hp. 082386985797', '', 'KD A', '', 'K 1', 'Putus', 1),
('PV001712', '-', 'Wijiyanto', 'Perum Senggarang Permai Blok M No. 09 Hp. 085265327527', '', 'KD B', '', 'K 2 / RK', 'Putus', 1),
('PV001713', '-', 'Jamroh Jaefani', 'Kp. Air Bukit RT. 05 / RW. 02 No. 41 bwh Perum BAR Blok F Hp. 081364798473', '', 'KD J', '', 'K 2 ', 'Aktif', 1),
('PV001714', '-', 'Diky Syahlan', 'Perum Bumi Air Raja Blok B No. 68 Hp. 08127796041', '', 'KD A', '', 'K 1 / RK', 'Aktif', 1),
('PV001715', '-', 'Ali Masri', 'Perum Kenangan Jaya IV Blok E No. 13 Hp. 085264168262', '', 'KD D', '', 'K 2 ', 'Aktif', 1),
('PV001716', '-', 'Paiyan Siahaan', 'Perum Bumi Air Raja Blok F No. 132 Hp. 081372544398', '', 'KD A', '', 'K 1 / RK', 'Pindah', 1),
('PV001717', '-', 'Iskak Trianto', 'Perum Bumi Air Raja Blok C No. 267', '', 'KD A', '', 'K 1', 'Putus Sementara', 1),
('PV001718', '-', 'Arifman', 'Perum Bumi Air Raja Blok C No. 179 Hp. 081364722227', '', 'KD A', '', 'K 1', 'Aktif', 1),
('PV001719', '-', 'Eko Setiawan', 'Perum Senggarang Permai Blok T No. 23 Hp. 085363143223', '', 'KD B', '', 'K 2 / RK', 'Putus', 1),
('PV001720', '-', 'Herzami Ramadhan', 'Perum Kenangan Jaya IV Blok C No. 26 Hp. 085264309965', '', 'KD D', '', 'K 2', 'Aktif', 1),
('PV001721', '-', 'Anita', 'Perum Senggarang Permai Blok D No. 11 - 12 Hp. 081372146609', '', 'KD B', '', 'K 2 ', 'Aktif', 1),
('PV001722', '-', 'Tia Meliani / Ane', 'Perum Bumi Air Raja Blok A No. 41 Hp. 082283237774', '', 'KD A', '', 'K 1 / RK', 'Putus', 1),
('PV001723', '-', 'Valdino Giovani Napitupulu', 'Perum Bumi Air Raja Blok F No. 197 ( kontrakan 3 pintu No. 1 ) Jl. Bangau IX Hp. 081267329505', '', 'KD A', '', 'K 1 / RK', 'Putus', 1),
('PV001724', '-', 'Maryanita', 'Komp. Perum KM 16 blkng Ibu Darsih RT. 03 / RW. 01 Hp. 081363917843', '', 'KD C', '', 'K 2', 'Aktif', 1),
('PV001725', '-', 'Anita Carolina', 'Komp. Perum KM 16 kontrakan Pak Ihsan blkng Roni RT. 08 / RW. 02 Hp. 081270191316', '', 'KD C', '', 'K 2 / RK', 'Aktif', 1),
('PV001726', '-', 'Dodi Ambon', 'Komp. Perum KM 16 blkng Lap. Badminton Hp. 081270361331', '', 'KD C', '', 'K 2 ', 'Aktif', 1),
('PV001727', '-', 'Tuesday Febrian Elvanto', 'Komp. Perum KM 16 ( kontrakan 3 pintu No. 1 ) spng Roni Hp. 082391419494', '', 'KD C', '', 'K 2 / RK', 'Putus', 1),
('PV001728', '-', 'Andhika Pradana Utama', 'Perum Kenangan Jaya IV Blok E No. 03 Hp. 082389938913', '', 'KD D', '', 'K 2 / RK', 'Putus', 1),
('PV001729', '-', 'Maddenni', 'Perum Senggarang Permai Blok A 1 No. 17 ', '', 'KD B', '', 'K 2', 'Aktif', 1),
('PV001730', '-', 'Suprapto', 'Perum Kenangan Jaya IV Blok E No. 14 Hp. 085717804158', '', 'KD D', '', 'K 2 / RK', 'Putus', 1),
('PV001731', '-', 'Supriadi', 'Perum Senggarang Permai Blok N No. 4 Hp. 085271086805', '', 'KD B', '', 'K 2', 'Aktif', 1),
('PV001732', '-', 'Herman Sariyono', 'Perum Kenangan Jaya IV Blok E No. 7 Hp. 081372624550', '', 'KD D', '', 'K 2', 'Aktif', 1),
('PV001733', '-', 'Wanda Tia Ningsih', 'Perum Senggarang Permai Blok M No. 29 Hp. 081364146363', '', 'KD B', '', 'K 2 / RK', 'Putus', 1),
('PV001734', '-', 'Roy Pandi', 'Perum Senggarang Permai Blok C No. 29 Hp. 081270615522', '', 'KD B', '', 'K 2 / RK', 'Aktif', 1),
('PV001735', '-', 'Agus Salam', 'Perum Puri Kencana Blok F No. 03 Hp. 082384923077', '', 'KD F', '', 'K 2 ', 'Putus', 1),
('PV001736', '-', 'Jupriadi', 'Perum Senggarang Permai Blok B 1 No. 09 ', '', 'KD B', '', 'K 2 / RK', 'Putus', 1),
('PV001737', '-', 'Melly Sinambela', 'Kp. Simpangan blkng Balak spng Posyandu ( warung - rumah ) Hp. 085356892698', '', 'KD G', '', 'K 2', 'Aktif', 1),
('PV001738', '-', 'Arjunaidy', 'Perum Senggarang Permai Blok K No. 04', '', 'KD B', '', 'K 2 / RK', 'Pindah', 1),
('PV001739', '-', 'Eko Umi Rahaju Mahastuti', 'Kp. Banjar Sop Jenggot spng rmh Bu RT / dpn Pak Indra 081372742816', '', 'KD E', '', 'K 2 / RK', 'Aktif', 1),
('PV001740', '-', 'Riki', 'Perum Bumi Air Raja Blok F No. 226 Hp. 085363295714', '', 'KD A', '', 'K 1', 'Aktif', 1),
('PV001741', '-', 'Mahipal', 'Perum Bumi Air Raja Blok F No. 229 Hp. 082174120420', '', 'KD A', '', 'K 1 ', 'Aktif', 1),
('PV001742', '-', 'Deswita Heryani', 'Perum Bumi Air Raja Blok A No.         ( spng Ahuat Air galon ) Hp. 085264220573', '', 'KD A', '', 'K 1', 'Aktif', 2),
('PV001743', '-', 'Ahmad Yusuf Rehan', 'Perum Bumi Air Raja Blok F No. 96', '', 'KD A', '', 'K 1', 'Putus Sementara', 1),
('PV001744', '-', 'Novita Handayani', 'Perum Bumi Air Raja Blok F No. 256 Hp. 08127745299', '', 'KD A', '', 'K 1', 'Aktif', 1),
('PV001745', '-', 'Samsul', 'Perum Graha Indomulya Korem Blok A No. 03', '', 'KD G 1', '', 'K 2 / RK', 'Putus', 1),
('PV001746', '-', 'Aditya Prayoga', 'Perum Bumi Air Raja Blok F No. 187 Hp. 081276054649', '', 'KD A', '', 'K 1', 'Aktif', 1),
('PV001747', '-', 'Tomy', 'Perum Bumi Air Raja Blok F No. 50', '', 'KD A', '', 'K 1', 'Putus', 1),
('PV001748', '-', 'Robet Sinaga', 'Perum Bumi Air Raja Blok G No. 226 Hp. 085292261515', '', 'KD A', '', 'K 1', 'Aktif', 1),
('PV001749', '-', 'Erli Kurniawati', 'Perum Puri Kencana Blok D No.       Hp. 082386660596', '', 'KD F', '', 'K 2 / RK', 'Aktif', 1),
('PV001750', '-', 'Marina', 'Perum Bumi Air Raja Blok F No. 228 Hp. 081277003330', '', 'KD A', '', 'K 1', 'Aktif', 1),
('PV001751', '-', 'Neulis', 'Perum Kenangan Jaya IV Blok A No. 15 Hp. 085323626883', '', 'KD D', '', 'K 2 / RK', 'Putus Sementara', 1),
('PV001752', '-', 'Bayu Purnama', 'Perum Graha Indo Mulya Korem Blok B No. 4 Hp. 085264844188', '', 'KD G 1', '', 'K 2', 'Aktif', 1),
('PV001753', '-', 'Bersama Zai ', 'Jl. Raya Tg. Uban dpn K. Lurah ( warung ) spng Bilyard', '', 'KD B', '', 'K 2 / RK', 'Putus Sementara', 1),
('PV001754', '-', 'M. Fadlillah', 'Blkng Sop Jenggot KM 15 Kp. Bawean blkng Mesjid Mualimin Hp. 081372489812', '', 'KD E', '', 'K 2', 'Aktif', 1),
('PV001755', '-', 'Junaidi', 'Perum Bumi Air Raja Blok G No. 190 ( turun bawah rmh Tari )', '', 'KD A', '', 'K 1 ', 'Aktif', 1),
('PV001756', '-', 'Handika Budi Waluyo', 'Perum Senggarang Permai Blok P No. 05 Hp. 082288469008', '', 'KD B', '', 'K 2 / RK ', 'Aktif', 1),
('PV001757', '-', 'Indah Amaliah', 'Perum Bumi Air Raja Blok A No. 148 ', '', 'KD A', '', 'K 1 / RK', 'Putus', 1),
('PV001758', '-', 'Gatot', 'Perum Bumi Air Raja Blok G No. 174 Hp. 082388625653', '', 'KD A', '', 'K 1', 'Putus', 1),
('PV001759', '-', 'Erni Fatra Sidauruk', 'Perum Bumi Air Raja Blok G No. 196', '', 'KD A', '', 'K 1', 'Aktif', 1),
('PV001760', '-', 'Primus Naikofi', 'Jl. PLTD TPA Air Raja blkng Pak Faisal Hp. 085290778548', '', 'KD H', '', 'K 2', 'Pindah', 1),
('PV001761', '-', 'Wahid', 'Kp. Banjar Gg. Bawean spng Ayu Sop Jenggot', '', 'KD E', '', 'K 2', 'Putus', 1);
INSERT INTO `tmst_pelanggan` (`no_registrasi`, `no_ktp`, `nama_lengkap`, `alamat`, `alamat2`, `kode_daerah`, `no_hp`, `id_kolektor`, `status`, `jenis_pelanggan`) VALUES
('PV001762', '-', 'Leni', 'Jl. Raya Tg. Uban warung otak-otak spng gerbang Air Raja Hp. 082392863901', '', 'KD A 1', '', 'K 1 / RK', 'Putus', 1),
('PV001763', '-', 'Muhamad Amin', 'Perum Bumi Air Raja Blok G No. 257 Hp. 085264602923', '', 'KD A', '', 'K 1', 'Putus', 1),
('PV001764', '-', 'Khairul Anwar Siregar', 'Perum Bumi Air Raja Blok C No. 193 Hp. 082169630944 / 081284366677', '', 'KD A', '', 'K 1', 'Aktif', 1),
('PV001765', '-', 'Tonny Harjianto', 'Komp. Perum KM 16 samping Kris P. Hari Roeland Hp. 081991671188 hut 9/17 - 3/18', '', 'KD C', '', 'K 2', 'Putus', 1),
('PV001766', '-', 'Deli Antoni', 'Kp. Simpangan Keibun KM 16 kontrakan 3 pintu No. 1 spng Yono Hp. 081270187996', '', 'KD G', '', 'K 2 / RK', 'Aktif', 1),
('PV001767', '-', 'Dominggus Minggu', 'Perum Bumi Air Raja Blok F No. 277 perbatasan blok G Hp. 085265305458', '', 'KD A', '', 'K 1', 'Aktif', 1),
('PV001768', '-', 'Irfan Firnando', 'Perum Bumi Air Raja Blok A No. 40', '', 'KD A', '', 'K 1', 'Putus', 1),
('PV001769', '-', 'Eka Julia A. Md', 'Perum Senggarang Permai Blok T No. 24 Hp. 081263499996', '', 'KD B', '', 'K 2 / RK', 'Aktif', 1),
('PV001770', '-', 'Rini Aryensi S. Sos', 'Perum Bumi Air Raja Blok B No. 91 Hp. 085264473233', '', 'KD A', '', 'K 1 ', 'Aktif', 2),
('PV001771', '-', 'Agustini', 'Perum Senggarang Permai Blok B 1 No. 06', '', 'KD B', '', 'K 2 / RK', 'Putus', 1),
('PV001772', '-', 'Sopiyah', 'Perum Bumi Air Raja Blok C No. 133 Hp. 0819043385881', '', 'KD A', '', 'K 1 / RK', 'Putus', 1),
('PV001773', '-', 'Abdul Hanan', 'Perum Bumi Air Raja Blok C No. 45 Hp. 081270351280', '', 'KD A', '', 'K 1 / RK', 'Putus', 1),
('PV001774', '-', 'Marlina Pasaribu', 'Perum Bumi Air Raja Blok G No. 194 Hp. 082273709505', '', 'KD A', '', 'K 1', 'Aktif', 1),
('PV001775', '-', 'Ari Dermawan', 'Perum Bumi Air Raja Blok G No. 277 Hp. 08117040704', '', 'KD A', '', 'K 1', 'Aktif', 1),
('PV001776', '-', 'Mhd. Fadli', 'Perum Bumi Air Raja Blok A No. 135 Hp. 081270107594', '', 'KD A', '', 'K 1', 'Aktif', 1),
('PV001777', '-', 'Karyati', 'KM 16 dpn Perum Green Pesona Mutiara ( rmh papan )', '', 'KD C', '', 'K 2', 'Aktif', 1),
('PV001778', '-', 'Zamzami', 'Perum Bumi Air Raja Blok F No. 179 Hp. 085290079911', '', 'KD A', '', 'K 1', 'Aktif', 1),
('PV001779', '-', 'Apriandi', 'Perum Bumi Air Raja Blok D No. 73 Hp. 082386289962', '', 'KD A', '', 'K 1', 'Aktif', 1),
('PV001780', '-', 'Miranda Yulianti', 'Perum Bumi Air Raja Blok G No. 189 Hp. 085264495962', '', 'KD A', '', 'K 1', 'Putus', 1),
('PV001781', '-', 'Kristina Situmeang', 'Perum Bumi Air Raja Blok C No. 59 Hp. 08117042330', '', 'KD A', '', 'K 1', 'Aktif', 2),
('PV001782', '-', 'Mantono', 'Perum Bumi Air Raja Blok G No. 186 Hp. 085375394000', '', 'KD A', '', 'K 1', 'Aktif', 1),
('PV001783', '-', 'Purwaningsih', 'Perum Senggarang Permai Blok S No. 08 Hp. 085272081592', '', 'KD B', '', 'K 2 ', 'Aktif', 1),
('PV001784', '-', 'Adji Aguestira', 'Perum Rajawali Sakti sebelah kanan No. 3 ujung ( blkng Tk. Wira Utama ) Hp. 082138064797', '', 'KD H 2', '', 'K 2 / RK', 'Aktif', 1),
('PV001785', '-', 'Chairani', 'Perum Rajawali Sakti Blok       No.       ( blkng Tk. Wira Utama ) Hp. 081261907784', '', 'KD H 2', '', 'K 2 / RK', 'Aktif', 1),
('PV001786', '-', 'NMT. Napitupulu', 'Perum Senggarang Permai Blok O No. 1 ( kontrakan ) Hp. 08126164257', '', 'KD B', '', 'K 2 / RK', 'Putus Sementara', 1),
('PV001787', '-', 'Drs. Effiar', 'Perum Senggarang Permai Blok I No. 10 Hp. 082284098855', '', 'KD B', '', 'K 2', 'Aktif', 1),
('PV001788', '-', 'Yuningsih', 'Perum Senggarang Permai Blok B 1 No. 07 Hp. 081991416870', '', 'KD B', '', 'K 2 / RK', 'Aktif', 1),
('PV001789', '-', 'Rizman Hadi', 'Perum Senggarang Permai Blok D No. 19 Hp. 085375818881', '', 'KD B', '', 'K 2 ', 'Pindah', 1),
('PV001790', '-', 'Sindi Marsela', 'Perum Bumi Air Raja Blok A No. 76 Hp. 082386733977', '', 'KD A', '', 'K 1 / RK', 'Putus', 1),
('PV001791', '-', 'Heni Mariana', 'Perum Senggarang Permai Blok R No. 19 Hp. 081360383028', '', 'KD B', '', 'K 2 / RK', 'Putus', 1),
('PV001792', '-', 'Rio Putra', 'Perum Senggarang Lestari Permai Blok B No. 12 Hp. 082174384862', '', 'KD B 1', '', 'K 2 ', 'Aktif', 1),
('PV001793', '-', 'M. Sofyi', 'Perum Puri Surya Mas ruko samping gerbang Hp. 082225938922', '', 'KD H 1', '', 'K 2 / RK', 'Putus', 1),
('PV001794', '-', 'Fitri Yani', 'Jl. Bambu Kuning III Jl. ke Perum GSP blkng rmh tingkat RT. 08 / RW. 02 Hp. 081270063281', '', 'KD C', '', 'K 2 ', 'Aktif', 1),
('PV001795', '-', 'Erwin Dhani Umbara', 'Komp. Perum KM 16 samping Erwan Hp. 087894355393', '', 'KD C', '', 'K 2 / RK', 'Aktif', 1),
('PV001796', '-', 'Robinson Sinaga', 'Perum Bumi Air Raja Blok C Baru No. 128 Hp. 08126184359', '', 'KD A', '', 'K 1', 'Aktif', 1),
('PV001797', '-', 'Jasri MZ.', 'Jl. Raya Tg. Uban KM 15 dpn Gerbang Cinesquare deretan Suroso Hp. 081266998945', '', 'KD B', '', 'K 2', 'Aktif', 1),
('PV001798', '-', 'Irham', 'Pintu gerbang Air Raja kontrakan Pak Dorus No. 2 dr ujung', '', 'KD A 1', '', 'K 1 / RK', 'Putus', 1),
('PV001799', '-', 'Mashur', 'Perum Bumi Air Raja Blok C Baru No. 156 Hp. 082359190649', '', 'KD A', '', 'K 1 / RK', 'Putus', 1),
('PV001800', '-', 'Khendi Yanto', 'Perum Air Raja Residence Blok C No. 09 samping Yanto Hp. 08127071292', '', 'KD H 1', '', 'K 2 ', 'Aktif', 1),
('PV001801', '-', 'Ramdani', 'Perum Bumi Air Raja Blok C Baru No. 154 Hp. 085272721076', '', 'KD A', '', 'K 1 / RK', 'Putus', 1),
('PV001802', '-', 'Ketut Suardita', 'Perum Senggarang Permai Blok P No. 18 Hp. 081373734671', '', 'KD B', '', 'K 2 / RK', 'Aktif', 1),
('PV001803', '-', 'Wahyu Desi Cahyono hutang', 'Kp. Simpangan bwh Korep dpn Sayuti Siregar kontrakan 2 pintu No. 1 ( Keibun )', '', 'KD G', '', 'K 2 / RK', 'Putus', 1),
('PV001804', '-', 'Nanik Indra Suprapti', 'Perum Bumi Air Raja Blok D No. 47 Hp. 081261062113', '', 'KD A', '', 'K 1', 'Aktif', 1),
('PV001805', '-', 'Paidi', 'Perum Bumi Air Raja Blok D No. 48 Hp. 082392977973', '', 'KD A', '', 'K 1', 'Aktif', 1),
('PV001806', '-', 'Nurhayati NM. Fitri', 'Jl. Raya Tg. Uban ruko spng parit sblm Pom bensin No. 1 - 2 atau 9 - 10 Hp. 081261959002', '', 'KD C', '', 'K 2 ', 'Aktif', 1),
('PV001807', '-', 'Bu Tutilk', 'Komp. Perum KM 16 dpn Arif burung Gg. Cendrawasih Hp. 082388316700', '', 'KD C', '', 'K 2', 'Aktif', 1),
('PV001808', '-', 'Ismail Saleh', 'Kp. Simpangan Keibun ( kontrakan Pak Jarot ) pintu ke 2 Hp. 081277881350', '', 'KD G', '', 'K 2 / RK', 'Aktif', 1),
('PV001809', '-', 'Sartia', 'Perum Senggarang Permai Blok K No. 15 Hp. 081364643500', '', 'KD B', '', 'K 2', 'Aktif', 1),
('PV001810', '-', 'Syaifullah', 'Perum Bumi Air Raja Blok G No. 237 Hp. 085265890082', '', 'KD A', '', 'K 1 ', 'Putus', 1),
('PV001811', '-', 'Usman Ali', 'Perum Kenangan Jaya IV Blok C No. 22 Hp. 085363132635', '', 'KD D', '', 'K 2 / RK', 'Putus', 1),
('PV001812', '-', 'Heny Rahmawati', 'Perum Bumi Air Raja Blok C No. 224 Hp. 085263799199', '', 'KD A', '', 'K 1', 'Aktif', 1),
('PV001813', '-', 'Zulfan', 'KM 16 Keibun perumahan depan Pak Mukharom Hp. 085668897107', '', 'KD G', '', 'K 2', 'Aktif', 1),
('PV001814', '-', 'Arisandi', 'Perum Puri Kencana Blok D 1 No. 01 Hp. 081264404425', '', 'KD F', '', 'K 2 ', 'Aktif', 2),
('PV001815', '-', 'Marsinta Julianna Sinambela', 'Perum Bumi Air Raja Blok G No. 212 Hp. 082390111425', '', 'KD A', '', 'K 1', 'Aktif', 1),
('PV001816', '-', 'Arman Hotmarasitua Marbun', 'Perum Bumi Air Raja Blok F No. 161 A Hp. 082283333027', '', 'KD A', '', 'K 1', 'Aktif', 1),
('PV001817', '-', 'Sri Agustina', 'Perum Kenangan Jaya IV Blok C No. 12 Hp. 081276061716', '', 'KD D', '', 'K 2', 'Aktif', 1),
('PV001818', '-', 'Arie Arda Putera', 'Perum Puri Amanah Blok C No. 04 Hp. 085272639995', '', 'KD G 2', '', 'K 2', 'Aktif', 1),
('PV001819', '-', 'Gaudensia Naniati', 'Perum Puri Amanah Blok C No. 08 Hp. 081270612527', '', 'KD G 2', '', 'K 2', 'Aktif', 1),
('PV001820', '-', 'Joni', 'Perum Puri Amanah Blok D No. 03 Hp. 085264749491', '', 'KD G 2', '', 'K 2', 'Aktif', 1),
('PV001821', '-', 'Fitria Yuniana', 'Perum Puri Amanah Blok D No. 02 Hp. 085264278798', '', 'KD G 2', '', 'K 2', 'Aktif', 1),
('PV001822', '-', 'M. Taufan', 'Perum Puri Amanah Blok E No. 08 Hp. 085264029486', '', 'KD G 2', '', 'K 2', 'Aktif', 1),
('PV001823', '-', 'Johan', 'Perum Bumi Air Raja Blok G No. 182 Hp. 085264858594', '', 'KD A', '', 'K 1 ', 'Aktif', 1),
('PV001824', '-', 'Muhammad Azlansyah', 'Perum Puri Amanah Blok E No. 05 Hp. 081268695552', '', 'KD G 2', '', 'K 2', 'Aktif', 1),
('PV001825', '-', 'Serli Mutia', 'Komp. Perum KM 16 rmh tingkat ( Basri ) deretan rmh Aai Hp. 087801364393', '', 'KD C', '', 'K 2', 'Aktif', 1),
('PV001826', '-', 'Adi Putra', 'Kp. Banjar Gg. Bawean 6 blkng Sop Jenggot Hp. 082288246952', '', 'KD E', '', 'K 2 / RK', 'Pindah', 1),
('PV001827', '-', 'Muhammad Sani', 'Perum Puri Amanah Blok D No. 09 Hp. 085266969635', '', 'KD G 2', '', 'K 2 ', 'Aktif', 1),
('PV001828', '-', 'Nurhasmi', 'Perum Bumi Air Raja Blok F No. 114 Hp. 081382663679', '', 'KD A', '', 'K 1', 'Aktif', 1),
('PV001829', '-', 'Samsuar', 'Perum Bumi Air Raja Blok A No. 79 Hp. 085272226420', '', 'KD A', '', 'K 1 / RK', 'Putus', 1),
('PV001830', '-', 'Tedy Setiawan', 'Perum Puri Amanah Blok J No. 03 Hp. 082392802576', '', 'KD G 2', '', 'K 2', 'Aktif', 1),
('PV001831', '-', 'Sri Wahyuni', 'Perum Senggarang Permai Blok L No. 10 Hp. 085264627456', '', 'KD B', '', 'K 2 ', 'Aktif', 1),
('PV001832', '-', 'Rahayu Handayani', 'Perum Bumi Air Raja Blok C No. 158 Jl. Tiung VI Hp. 085272510926', '', 'KD A', '', 'K 1', 'Aktif', 1),
('PV001833', '-', 'Pahriah', 'Perum Bumi Air Raja Blok D No. 99', '', 'KD A', '', 'K 1 / RK', 'Putus Sementara', 1),
('PV001834', '-', 'Candra Muhamad Johari', 'Perum Bumi Air Raja Blok G No. 183 Hp. 082387159714', '', 'KD A', '', 'K 1 / RK', 'Aktif', 1),
('PV001835', '-', 'Lesmen Heppidano Sibarani', 'Perum Bumi Air Raja Blok F No. 234 Hp. 081277488514', '', 'KD A', '', 'K 1', 'Aktif', 1),
('PV001836', '-', 'Samawiyah', 'Kp. Banjar Gg. Bawean No. 15 RT. 03 / RW. 08 blkng Sop Jenggot', '', 'KD E', '', 'K 2', 'Aktif', 1),
('PV001837', '-', 'M. Hafizh / Dolex', 'Perum Bumi Air Raja Blok G No. 199 Hp. 081372057708', '', 'KD A', '', 'K 1', 'Aktif', 1),
('PV001838', '-', 'Inawati', 'Perum Bumi Air Raja Blok G No. 234 Jl. Kaswari IX Hp. 081266586250', '', 'KD A', '', 'K 1', 'Aktif', 1),
('PV001839', '-', 'Retna Yulianti', 'Perum Senggarang Permai Blok A No. 19 Hp. 081363173742', '', 'KD B', '', 'K 2', 'Putus Sementara', 1),
('PV001840', '-', 'Kimtawin Chan Sitompul', 'Perum Bumi Air Raja Blok F No. 56 Hp. 085371222328', '', 'KD A', '', 'K 1', 'Aktif', 1),
('PV001841', '-', 'Mohd. Marzuki', 'Perum Bumi Air Raja Blok A No. 133 Hp. 085264227279', '', 'KD A', '', 'K 1', 'Aktif', 1),
('PV001842', '-', 'Kukuh Marsetiadi', 'Perum Puri Amanah Blok C No. 05 Hp. 081275209604', '', 'KD G 2', '', 'K 2 ', 'Aktif', 1),
('PV001843', '-', 'Seng Kek', 'Perum Senggarang Permai Blok T No. 22 Hp. 082382647054', '', 'KD B', '', 'K 2', 'Putus', 1),
('PV001844', '-', 'Asis', 'Jl. Raya Tg. Uban dpn Kantor Lurah ( warung )', '', 'KD B', '', 'K 2', 'Putus', 1),
('PV001845', '-', 'Sutrisno', 'Perum Senggarang Permai Blok U No. 21 Hp. 085278347139', '', 'KD B', '', 'K 2 / RK', 'Putus', 1),
('PV001846', '-', 'Bogiyat Hadi Sasmito ', 'Perum Bumi Air Raja Blok G No. 268 Jl. Kaswari X Hp. 082288314025', '', 'KD A', '', 'K 1', 'Aktif', 1),
('PV001847', '-', 'Januar Efendi', 'Perum Puri Surya Mas Blok C No. 01 Hp. 082390107210', '', 'KD H 1', '', 'K 2', 'Aktif', 1),
('PV001848', '-', 'Sukadi', 'Perum Puri Surya Mas Blok C No. 04 Hp. 085272224422', '', 'KD H 1', '', 'K 2', 'Aktif', 1),
('PV001849', '-', 'Arianto', 'Perum Bumi Air Raja Blok C No. 165 Jl. Tiung II Hp. 085264029630', '', 'KD A', '', 'K 1', 'Aktif', 1),
('PV001850', '-', 'Eman', 'Kp. Banjar Gg. Bawean blkng Sop Jenggot kontrakan Salmiah ( 2 pintu ) Hp. 081270727163', '', 'KD E', '', 'K 2 / RK', 'Aktif', 1),
('PV001851', '-', 'Dewi', 'Perum Bumi Air Raja Blok F No. 141 Hp. 085263435876', '', 'KD A', '', 'K 1', 'Putus', 1),
('PV001852', '-', 'Syam Allhen / Loly Khurniaty', 'Perum Kristal Indah Blok      No. 11 blkng PLTD Hp. 081364777086 / 081364777087', '', 'KD H', '', 'K 2 ', 'Aktif', 2),
('PV001853', '-', 'Irwanto', 'Kp. Simpangan Keibun blkng Pak Korep', '', 'KD G', '', 'K 2', 'Aktif', 1),
('PV001854', '-', 'Siti Rodhiyah', 'Jl. Raya Tg. Uban KM 16 ruko sebelah kanan No. 11 deretan Notaris Anggi Hp. 081372484848', '', 'KD C', '', 'K 2', 'Putus', 1),
('PV001855', '-', 'Johanson Simanjuntak', 'Perum Bumi Air Raja Blok G No. 171 Hp. 085373931913', '', 'KD A', '', 'K 1', 'Aktif', 1),
('PV001856', '-', 'Eppi Sitorus', 'Perum Bumi Air Raja Blok C No. 77 Hp. 082174304416', '', 'KD A', '', 'K 1', 'Aktif', 1),
('PV001857', '-', 'Kristiani', 'Jl. Raya Tg. Uban KM 15 dpn Kantor Lurah Pinang Kencana ( Billyard ) Hp. 081261913444 ', '', 'KD B', '', 'K 2', 'Aktif', 1),
('PV001858', '-', 'Mohammad Syahdi', 'Komp. Perum KM 16 dpn Tasli Hp. 082284071397', '', 'KD C', '', 'K 2', 'Aktif', 1),
('PV001859', '-', 'Feby Rania', 'D.Living Salsabila ( Perum ) Blok      No. 01 KM 16 Keibun Hp. 085382992991', '', 'KD G', '', 'K 2', 'Aktif', 1),
('PV001860', '-', 'Tri Yanto', 'Perum Bumi Air Raja Blok G No. 179 Hp. 081365008908', '', 'KD A', '', 'K 1', 'Aktif', 1),
('PV001861', '-', 'Antonius', 'Perum Puri Kencana Blok F No. ', '', 'KD F', '', 'K 2', 'Aktif', 1),
('PV001862', '-', 'Nur Kholifah ( Reza )', 'Perum Puri Kencana Blok F No. 20', '', 'KD F', '', 'K 2 / RK', 'Aktif', 1),
('PV001863', '-', 'Nur Kholifah', 'Perum Puri Kencana Blok G No. 12 A', '', 'KD F', '', 'K 2', 'Aktif', 1),
('PV001864', '-', 'Sulastri', 'KM 16 blkng Pertamina dpn P.S', '', 'KD C', '', 'K 2', 'Aktif', 1),
('PV001865', '-', 'Hendra', 'Perum KM 16 komp. Ibu Mulyati', '', 'KD C', '', 'K 2', 'Aktif', 1),
('PV001866', '-', 'Ezratuti', 'Perum Graha Indomulya Korem Blok G No. 5 Hp. 085374777864', '', 'KD G 1', '', 'K 2', 'Aktif', 1),
('PV001867', '-', 'Fadli Syahputra', 'Perum Bumi Air Raja Blok F No. 101 Hp. 081270767618', '', 'KD A', '', 'K 1 / RK', 'Putus', 1),
('PV001868', '-', 'Robert Siagian', 'Perum Bumi Air Raja Blok F No. 212', '', 'KD A', '', 'K 1', 'Aktif', 1),
('PV001869', '-', 'Renny Felmy Banua', 'Perum Kenangan Jaya IV Blok C No. 17 Hp.081277274910', '', 'KD D', '', 'K 2', 'Aktif', 1),
('PV001870', '-', 'Heru Laksamana Auzar', 'Perum Senggarang Permai  Blok M No. 05 Hp. 082173196655', '', 'KD B', '', 'K 2 / RK', 'Pindah', 1),
('PV001871', '-', 'Putut', 'Perum Bumi Air Raja Blok C No. 38 Hp. 085263630998', '', 'KD A', '', 'K 1', 'Aktif', 1),
('PV001872', '-', 'Hamdan', 'Perum Bumi Air Raja Blok F No. 178 Hp. 085264389792', '', 'KD A', '', 'K 1 / RK', 'Aktif', 1),
('PV001873', '-', 'Agustini', 'Perum Senggarang Permai Blok B 1 No. 07', '', 'KD B', '', 'K 2 / RK', 'Aktif', 1),
('PV001874', '-', 'Saleh Nasution', 'Perum Senggarang Permai Blok N No. 12', '', 'KD B', '', 'K 2 ', 'Putus', 1),
('PV001875', '-', 'Likah', 'Komp. Perum KM 16 kontrakan dpn PS lama pintu No. 3 Hp. 085668394006', '', 'KD C', '', 'K 2', 'Putus', 1),
('PV001876', '-', 'Sugiyanto Ari Hidayat', 'Perum Air Raja Residence Blok C No. 05', '', 'KD H 1', '', 'K 2 / RK', 'Putus', 1),
('PV001877', '-', 'Amanda Putri / Yanto ( foto copy Handoko )', 'Jl. Raya Tg. Uban KM 14 ruko No. 4 ( foto copy Handoko )', '', 'KD H 2', '', 'K 2', 'Aktif', 1),
('PV001878', '-', 'Eny Sri Lestari', 'Perum Senggarang Permai Blok G No. 06 Hp. 081210077965', '', 'KD B', '', 'K 2 / RK', 'Aktif', 1),
('PV001879', '-', 'Anderson Kaban', 'Perum Senggarang Lestari Permai Blok C No. 08 KM 14 Hp. 082384480503', '', 'KD B 1', '', 'K 2', 'Aktif', 1),
('PV001880', '-', 'Toni Aditama', 'Perum Bumi Air Raja Blok F No. 276 Hp. 085264828030', '', 'KD A', '', 'K 1', 'Aktif', 1),
('PV001881', '-', 'Aris', 'Perum Salsabilah Blok A No. 07 Kp. Simpangan Keibun Hp. 081267818572', '', 'KD G', '', 'K 2 / RK', 'Aktif', 1),
('PV001882', '-', 'Dhoni Teguh Satria', 'Perum Puri Amanah Blok K No. 05 Hp. 085271732287', '', 'KD G 2', '', 'K 2', 'Aktif', 2),
('PV001883', '-', 'Tedi Sutadi Rahmad', 'Perum Puri Amanah Blok K No. 03 Hp. 085265841502', '', 'KD G 2', '', 'K 2', 'Aktif', 1),
('PV001884', '-', 'Tika Sartika', 'Perum Graha Indomulya Korem Blok D No.     paling ujung deretan Pak Musiran', '', 'KD G 1', '', 'K 2 / RK', 'Aktif', 1),
('PV001885', '-', 'H. Ghazali Husin', 'Perum Senggarang Permai Blok B No. 31 Hp. 081372518841', '', 'KD B', '', 'K 2 ', 'Aktif', 1),
('PV001886', '-', 'Rika Rosari Marbun', 'Perum Bumi Air Raja Blok C No. 78 Hp. 082285334635', '', 'KD A', '', 'K 1 / RK', 'Aktif', 1),
('PV001887', '-', 'Kasum', 'Perum Bumi Air Raja Blok C No. 91', '', 'KD A', '', 'K 1', 'Putus', 1),
('PV001888', '-', 'Toko Cahaya Bintan ( Ho Ju Sian )', 'Jl. Raya Tg. Uban KM 16 dpn Not ruko 3 pintu sblh knn ( Ibu Sukirman ) Hp. 081258592888', '', 'KD C', '', 'K 2', 'Aktif', 1),
('PV001889', '-', 'Edi Purnomo', 'Jl. Raya Tg. Uban KM 16 Jl. GSP blkng kontrakan 3 pintu ( kawan Teguh )', '', 'KD C', '', 'K 2 / RK', 'Putus', 1),
('PV001890', '-', 'Sutadi / Didit', 'Kp. Air Bukit bwh rmh Bang Edi ( atap wrn biru ) bwh BAR Hp. 081270942771', '', 'KD J', '', 'K 2', 'Aktif', 1),
('PV001891', '-', 'Heddy Chiristina Sihombing', 'Perum Senggarang Permai Blok P No. 26 Hp. 081364745324', '', 'KD B', '', 'K 2 / RK', 'Putus Sementara', 1),
('PV001892', '-', 'Nurul Aslamiah', 'Perum Senggarang Permai Blok D No. 22 Hp. 081270699599', '', 'KD B', '', 'K 2', 'Aktif', 1),
('PV001893', '-', 'Mustaqfirin', 'Kp. Simpangan Keibun jaringan ujung Perum Salsabilah ( tembok kub cina ) Hp. 081270254243', '', 'KD G', '', 'K 2', 'Aktif', 1),
('PV001894', '-', 'Buang Kusumajaya', 'Perum Senggarang Permai Blok M No. 17 Hp. 081261636830', '', 'KD B', '', 'K 2 ', 'Aktif', 1),
('PV001895', '-', 'Nurhayati', 'Perum Bumi Air Raja Blok C Baru No. 218', '', 'KD A', '', 'K 1', 'Aktif', 1),
('PV001896', '-', 'Isna', 'Perum Graha Indomulya Korem Blok D No. 06 blkng Ngasiran', '', 'KD G 1', '', 'K 2', 'Aktif', 1),
('PV001897', '-', 'Rizky', 'Perum Senggarang Lestari Permai Blok B No. 24 Hp. 085356893424', '', 'KD B 1', '', 'K 2', 'Aktif', 1),
('PV001898', '-', 'Suyatmi', 'Perum Raflesia No. 04 Jl. Bambu Kuning 3 ( GPM ) KM 16', '', 'KD C', '', 'K 2', 'Aktif', 1),
('PV001899', '-', 'Helida Nuranty', 'Perum Senggarang Permai Blok T No. 20', '', 'KD B', '', 'K 2 / RK', 'Putus', 1),
('PV001900', '-', 'Antoni Sitorus', 'Perum Green Pesona Mutiara Blok I No. 04 Hp. 085272268628', '', 'KD I', '', 'K 2 ', 'Putus', 1),
('PV001901', '-', 'Valdino Giovandi Napitupulu', 'Perum Bumi Air Raja Blok F No. 140 dpn Pos lapangan Hp. 081267329505', '', 'KD A', '', 'K 1 / RK', 'Putus', 1),
('PV001902', '-', 'Safaruddin', 'Perum Air Raja Residence Blok B No. 11 Hp. 085271711174', '', 'KD H 1', '', 'K 2', 'Aktif', 1),
('PV001903', '-', 'Ahwani', 'Jl. Bambu Kuning III ( GPM ) dpn bu Fitri Hp. 081275614812', '', 'KD C', '', 'K 2', 'Aktif', 1),
('PV001904', '-', 'Tasori', 'Perum Graha Indomulya Korem Blok B No. 06 Hp. 081266035985', '', 'KD G 1', '', 'K 2', 'Aktif', 1),
('PV001905', '-', 'Hartono', 'Perum Bumi Air Raja Blok F No. 123 Hp. 082173674129', '', 'KD A', '', 'K 1', 'Aktif', 1),
('PV001906', '-', 'Nama?', 'Perum Bumi Air Raja Blok F No. 196 ( kontrakan 4 pintu ) No. 2 ', '', 'KD A', '', 'K 1 / RK', 'Putus', 1),
('PV001907', '-', 'Suhendrik', 'Perum Senggarang Permai Blok O No. 01 ( kontrakan 2 pintu ) Hp. 081365560172', '', 'KD B', '', 'K 2 / RK', 'Putus', 1),
('PV001908', '-', 'Afriansyah', 'Kp. Banjar Gg. Bawean dpn Pak RW', '', 'KD E', '', 'K 2', 'Aktif', 1),
('PV001909', '-', 'Desy Artri Yani', 'Jl. PLTD Air Raja Perum Kristal Indah No. 08 Hp. 082386997234', '', 'KD H', '', 'K 2', 'Putus', 1),
('PV001910', '-', 'Martias S.H', 'Perum Senggarang Permai Blok N No. 13 Hp. 081275681943', '', 'KD B', '', 'K 2', 'Aktif', 1),
('PV001911', '-', 'Guspardi', 'Jl. Raya Tg. Uban KM 16 ruko No. 1 sebelah K. Pegadaian', '', 'KD C', '', 'K 2', 'Putus', 1),
('PV001912', '-', 'Heni / Weli', 'Perum Bumi Air Raja Blok G No. 201', '', 'KD A', '', 'K 1 / RK', 'Putus', 1),
('PV001913', '-', 'Ricko Hartanto', 'Perum Bumi Air Raja Blok A No. 33 Hp. 085668609671', '', 'KD A', '', 'K 1', 'Aktif', 1),
('PV001914', '-', 'Hendra', 'Kp. Simpangan Keibun dpn atas warung batak ', '', 'KD G', '', 'K 2 / RK', 'Aktif', 1),
('PV001915', '-', 'Anggit', 'Perum Bumi Air Raja Blok B No. 121 ( bengkel ) Hp. 081372428609', '', 'KD A', '', 'K 1', 'Aktif', 1),
('PV001916', '-', 'Rukhyat Habibi Can', 'Perum Salsabilah No. 09 atas Keibun Hp. 085365362013', '', 'KD G', '', 'K 2', 'Aktif', 1),
('PV001917', '-', 'Mujono', 'Perum Senggarang Permai Blok U No. 10 Hp. 085375395026', '', 'KD B', '', 'K 2 / RK', 'Aktif', 1),
('PV001918', '-', 'Supriyadi', 'Perum Bumi Air Raja Blok D No. 40 Hp. 08126121786', '', 'KD A', '', 'K 1', 'Aktif', 1),
('PV001919', '-', 'Ilman', 'Perum Bumi Air Raja Blok F No. 288 Hp. 081364229892', '', 'KD A', '', 'K 1 ', 'Aktif', 1),
('PV001920', '-', 'Hendry Azhary', 'Kp. Banjar spg Sop Pak Jenggot', '', 'KD E', '', 'K 2 / RK', 'Aktif', 1),
('PV001921', '-', 'Yanto', 'Blkng PLTD kos-kosan Mbah Harti pintu No. 3 Hp. 081276402923', '', 'KD H', '', 'K 2 / RK', 'Aktif', 1),
('PV001922', '-', 'Roby Himawan', 'Perum Bumi Air Raja Blok C No. 271 Hp. 085272104901', '', 'KD A', '', 'K 1', 'Aktif', 1),
('PV001923', '-', 'Anas', 'Perum Bumi Air Raja Blok B No. 70 Hp. 081364616164', '', 'KD A', '', 'K 1', 'Putus', 1),
('PV001924', '-', 'Jasma Efrizon', 'Perum Bumi Air Raja Blok F No. 275 ( deretan Tari ) Hp. 085264790612', '', 'KD A', '', 'K 1 / RK', 'Aktif', 1),
('PV001925', '-', 'Winiarti', 'Perum Bumi Air Raja Blok C No. 113 Hp. 08566649796', '', 'KD A', '', 'K 1', 'Aktif', 1),
('PV001926', '-', 'Yeni', 'Komp. Perum KM 16 kontrakan sebelah kanan No. 1 dpn PS lama', '', 'KD C', '', 'K 2 / RK', 'Aktif', 1),
('PV001927', '-', 'Fakhrul Hamdardy', 'Perum Bumi Air Raja Blok G No. 176 Jl. Kaswari VII Hp. 081397747224', '', 'KD A', '', 'K 1', 'Aktif', 1),
('PV001928', '-', 'Nurasiah', 'Kp. Banjar Air Raja RT. 02 / 06 blkng Sop Jenggot dpn Salmiah', '', 'KD E', '', 'K 2', 'Aktif', 1),
('PV001929', '-', 'Rifcky Hesron Wenno', 'Perum Puri Amanah Blok D No. 04 Hp. 082135644666', '', 'KD G 2', '', 'K 2', 'Aktif', 1),
('PV001930', '-', 'Bahin', 'Perum Senggarang Permai Blok A 1 No. 20 Hp. 081327545396', '', 'KD B', '', 'K 2', 'Aktif', 1),
('PV001931', '-', 'Nia Novita', 'Perum Bumi Air Raja Blok A No. 40', '', 'KD A', '', 'K 1 / RK ', 'Aktif', 1),
('PV001932', '-', 'Tri Purwidianto', 'Perum Senggarang Permai Blok U No. 28 Hp. 081332086648 / 085835949577', '', 'KD B', '', 'K 2', 'Putus', 1),
('PV001933', '-', 'Sulimah', 'Kp. Air Bukit No. 49 RT. 05 / RW. 02 bwh Blok F Perum BAR', '', 'KD J', '', 'K 2 ', 'Aktif', 1),
('PV001934', '-', 'Salabiah', 'Perum Bumi Air Raja Blok D No. 45', '', 'KD A', '', 'K 1 ', 'Aktif', 1),
('PV001935', '-', 'Sabar', 'Perum Bumi Air Raja Blok F No. 46', '', 'KD A', '', 'K 1 ', 'Aktif', 1),
('PV001936', '-', 'Sigiono', 'Perum Bumi Air Raja Blok B No. 26 Hp. 081276563158', '', 'KD A', '', 'K 1', 'Aktif', 1),
('PV001937', '-', 'Karyanto', 'Perum Senggarang Lestari Permai Blok B No. 15 Hp. 085263767446', '', 'KD B 1', '', 'K 2', 'Aktif', 1),
('PV001938', '-', 'Aldo', 'Kp. Banjar samping Sop Pak Jenggot Hp. 082289072810', '', 'KD E', '', 'K 2', 'Aktif', 1),
('PV001939', '-', 'Anwarudin', 'Perum Bumi Air Raja Blok A No. 78', '', 'KD A', '', 'K 1 / RK', 'Aktif', 1),
('PV001940', '-', 'Kasum', 'Perum Bumi Air Raja Blok C No. 97 Hp. 082392283284', '', 'KD A', '', 'K 1 / RK', 'Putus', 1),
('PV001941', '-', 'Safrida Hutagalung', 'Perum Bumi Air Raja Blok C No. 83 ( kontrakan )', '', 'KD A', '', 'K 1 / RK', 'Putus', 1),
('PV001942', '-', 'Adi Januarta', 'Perum Senggarang Permai Blok J No. 8 Hp. 085272321142', '', 'KD B', '', 'K 2', 'Aktif', 1),
('PV001943', '-', 'Wel Efendi', 'Perum Green Pesona Mutiara Blok G No. 05 Hp. 081276031759', '', 'KD I', '', 'K 2 / RK', 'Aktif', 1),
('PV001944', '-', 'Mus Mulyadi ( Kedai Bandrek )', 'Jl. Raya Tg. Uban KM 16 samping rmh makan deretan Arian', '', 'KD C', '', 'K 2 / RK', 'Aktif', 1),
('PV001945', '-', 'Pujianto', 'Perum Senggarang Permai Blok U No. 06 Hp. 082384788822', '', 'KD B', '', 'K 2', 'Aktif', 1),
('PV001946', '-', 'Sumawan', 'Jl. GPM KM 16 blkng agen Gas LPG ( atas gg sebelah kiri ) Hp. 085355787006', '', 'KD C', '', 'K 2', 'Putus', 1),
('PV001947', '-', 'Nuraini', 'Perum Bumi Air Raja Blok G No. 174', '', 'KD A', '', 'K 1 / RK ', 'Putus Sementara', 1),
('PV001948', '-', 'Kudrat Teguh Riyanto', 'Jl. PLTD Air Raja blkng PLTD ( bwh Supri ) ', '', 'KD H', '', 'K 2 / RK', 'Aktif', 1),
('PV001949', '-', 'Fitri Yani', 'Perum Senggarang Permai Blok K No. 02 ', '', 'KD B', '', 'K 2', 'Aktif', 1),
('PV001950', '-', 'Mulyadi', 'Perum Crystal Village Blok E No. 02', '', 'KD A 1', '', 'K 1', 'Aktif', 1),
('PV001951', '-', 'Tohir', 'Perum Bumi Air Raja Blok F No. 254 Hp. 082173000666', '', 'KD A', '', 'K 1', 'Aktif', 1),
('PV001952', '-', 'Martina Damelia Siahaan', 'Kp. Simpangan KM 16 korep spng Hutmaida ( rmh 2 pintu ) Hp. 082370817233', '', 'KD G', '', 'K 2', 'Aktif', 1),
('PV001953', '-', 'Langile ', 'Jl. GPM sblh kanan dpn Pak Lontong KM 16 ( spng kontrakan ) Hp. 081364061606', '', 'KD C', '', 'K 2', 'Aktif', 1),
('PV001954', '-', 'Narni', 'Perum Bumi Air Raja Blok D No. 120', '', 'KD A', '', 'K 1', 'Aktif', 1),
('PV001955', '-', 'Budhi Akbar', 'Perum Bumi Air Raja Blok C No.        Jl. Tiung X', '', 'KD A', '', 'K 1 / RK', 'Aktif', 1),
('PV001956', '-', 'Khomsah Ilham Utami', 'Perum Bumi Air Raja Blok  C No. 191', '', 'KD A', '', 'K 1', 'Putus', 1),
('PV001957', '-', 'Nuruddin', 'Perum Puri Amanah Blok E No. 11 Hp. 087894594680', '', 'KD G 2', '', 'K 2 / RK', 'Aktif', 1),
('PV001958', '-', 'Hidayat', 'Perum Bumi Air Raja Blok C No. 217 Hp. 085364999587', '', 'KD A', '', 'K 1', 'Aktif', 2),
('PV001959', '-', 'Dwi Mardianti', 'Perum Kenangan Jaya IV Blok E No. 10 ', '', 'KD D', '', 'K 2 / RK', 'Aktif', 1),
('PV001960', '-', 'Sugianto', 'Perum Bumi Air Raja Blok C No. 116', '', 'KD A', '', 'K 1 / RK', 'Aktif', 1),
('PV001961', '-', 'Ade Arfandy', 'Perum Senggarang Lestari Permai Blok B No. 25 Hp. 085272222786', '', 'KD B 1', '', 'K 2', 'Aktif', 1),
('PV001962', '-', 'Suprihatin', 'Perum Bumi Air Raja Blok C No. 173 Hp. 081364242975', '', 'KD A', '', 'K 1 ', 'Putus', 1),
('PV001963', '-', 'Heru', 'Perum Bumi Air Raja Blok C No. 127 A Hp. 081371833018', '', 'KD A', '', 'K 1', 'Aktif', 1),
('PV001964', '-', 'Faisal', 'Perum Puri Amanah Blok K No. 01 Hp. 082288388549', '', 'KD G 2', '', 'K 2', 'Aktif', 1),
('PV001965', '-', 'Lami', 'Perum Puri Amanah Blok H No. 01 Hp. 085265658252', '', 'KD G 2', '', 'K 2', 'Aktif', 1),
('PV001966', '-', 'Ballet Rina Gultom', 'Kp. Banjar Gg. Bawean Sop Jenggot KM 15 RT. 03 / RW. 06 ( dpn PAUD ) Hp. 085266888412', '', 'KD E', '', 'K 2 / RK', 'Aktif', 1),
('PV001967', '-', 'Jeck', 'Perum Senggarang Permai Blok A No. 10 Hp. 081364051727', '', 'KD B', '', 'K 2 / RK', 'Aktif', 1),
('PV001968', '-', 'Tri Wahyuni', 'Perum Senggarang Permai Blok B No. 49 Hp. 085374077414', '', 'KD B', '', 'K 2 / RK', 'Aktif', 1),
('PV001969', '-', 'Venny Esha Pramita', 'Perum Senggarang Permai Blok I No. 03 Hp. 081378369449', '', 'KD B', '', 'K 2 / RK', 'Aktif', 1),
('PV001970', '-', 'Hermin A.', 'Perum Graha Indomulya Korem Blok I No. 1', '', 'KD G 1', '', 'K 2', 'Aktif', 1),
('PV001971', '-', 'Agung Prabowo', 'Perum Air Raja Residence Blok C No. 05 Hp. 081214155545', '', 'KD H 1', '', 'K 2 / RK', 'Putus Sementara', 1),
('PV001972', '-', 'Asmiah', 'Perum Puri Kencana Blok D 1 No. 04 Hp. 085268406162', '', 'KD F', '', 'K 2', 'Aktif', 1),
('PV001973', '-', 'Armansyah', 'Jl. Rajawali KM 13 blkng Toko Wira U. spng Sirin 1 kopel ( telp dulu kl nagih ) 082361085251', '', 'KD H 2', '', 'K 2', 'Aktif', 1),
('PV001974', '-', 'Budi', 'Perum Kenangan Jaya IV Blok     No.     spng atas Joko Hp. 082384931245', '', 'KD D', '', 'K 2 / RK', 'Aktif', 1),
('PV001975', '-', 'Veronica Runtuwene', 'Jl. Ganet KM 14 RT. 05 / RW. 02 ( Perum Kristal Indah ) blkng PLTD Kp. Air Bukit', '', 'KD H', '', 'K 2', 'Aktif', 1),
('PV001976', '-', 'Aini', 'Gg. Bambu Kuning III Jl. Perum GPM blkng kontrakan 4 pintu sblh kanan Hp. 08566601990', '', 'KD C', '', 'K 2 / RK', 'Putus', 1),
('PV001977', '-', 'Komeini', 'Perum Puri Amanah Blok C No. 10 Hp. 082385502271', '', 'KD G 2', '', 'K 2', 'Aktif', 1),
('PV001978', '-', 'Kiki', 'Perum Kenangan Jaya IV Blok C No. 22 ', '', 'KD D', '', 'K 2 / RK', 'Aktif', 1),
('PV001979', '-', 'Demista', 'Perum Puri Kencana Blok F No. 03 Hp. 081261845996', '', 'KD F', '', 'K 2', 'Aktif', 1),
('PV001980', '-', 'Asrolita', 'Perum Bumi Air Raja Blok G No. 240', '', 'KD A', '', 'K 1', 'Aktif', 1),
('PV001981', '-', 'Jufrizal', 'Perum Bumi Air Raja Blok G No. 215 Hp. 082384005252', '', 'KD A', '', 'K 1', 'Aktif', 1),
('PV001982', '-', 'Puji Hartini', 'Perum Bumi Air Raja Blok A No. 132', '', 'KD A', '', 'K 1 / RK', 'Putus', 1),
('PV001983', '-', 'Rustam', 'Perum Bumi Air Raja Blok C No. 286', '', 'KD A', '', 'K 1 / RK', 'Aktif', 1),
('PV001984', '-', 'Elinda', 'Perum Puri Surya Mas Blok F No. 06 Hp. 081270885580', '', 'KD H 1', '', 'K 2', 'Aktif', 1),
('PV001985', '-', 'Yarnis', 'Perum Bumi Air Raja Blok D No. 148 Hp. 085265420107', '', 'KD A', '', 'K 1', 'Aktif', 1),
('PV001986', '-', 'Rudyanto', 'Perum Bumi Air Raja bawah Blok A No.       dekat Pak Isnen', '', 'KD A', '', 'K 1', 'Aktif', 1),
('PV001987', '-', 'Naseb', 'Perum Kenangan Jaya IV Blok D No. 19 Hp. 081277994350', '', 'KD D', '', 'K 2', 'Aktif', 1),
('PV001988', '-', 'Walgianto', 'Perum Bumi Air Raja Blok F No. 29 Hp. 081270775053', '', 'KD A', '', 'K 1', 'Aktif', 1),
('PV001989', '-', 'R. Jumiati', 'Perum Senggarang Permai Blok D No. 09', '', 'KD B', '', 'K 2 / RK', 'Aktif', 1),
('PV001990', '-', 'Ridwan Doris', 'Kp. Air Bukit RT. 05 / RW. 02 No. 44 Samping Mesjid', '', 'KD J', '', 'K 2', 'Aktif', 1),
('PV001991', '-', 'Januar Adiwijaya', 'Perum Senggarang Permai Blok M No. 27 Hp. 081362307138', '', 'KD B', '', 'K 2', 'Putus Sementara', 1),
('PV001992', '-', 'Yesi', 'Perum Bumi Air Raja Blok C No. 159 Hp. 082288468786', '', 'KD A', '', 'K 1 / RK', 'Aktif', 1),
('PV001993', '-', 'Roy Wilyanda', 'Perum Puri Amanah Blok E No. 02 Hp. 083186558011', '', 'KD G 2', '', 'K 2', 'Aktif', 1),
('PV001994', '-', 'Abdul Rasyid', 'Perum Puri Amanah Blok E No. 03 Hp. 081266151163', '', 'KD G 2', '', 'K 2', 'Aktif', 1),
('PV001995', '-', 'Nurdin', 'Perum Bumi Air Raja Blok A No. 148 ', '', 'KD A', '', 'K 1', 'Aktif', 1),
('PV001996', '-', 'Akbar Tanjung', 'Perum Bumi Air Raja Blok F No. 24 Hp. 081266694061', '', 'KD A', '', 'K 1', 'Aktif', 1),
('PV001997', '-', 'Roni Efendi Purba', 'Perum Bumi Air Raja Blok G No. 270 Hp. 081262946523', '', 'KD A', '', 'K 1 / RK', 'Aktif', 1),
('PV001998', '-', 'Wawa Wartika', 'Kp. Simpangan Keibun ( bekas rmh Pak Edi )', '', 'KD G', '', 'K 2', 'Aktif', 1),
('PV001999', '-', 'Muhammad Riky', 'Perum Kristal Indah No. 01 sebelah Kanan Jl. Ganet PLTD Air Raja Hp. 081362422903', '', 'KD H', '', 'K 2', 'Aktif', 1),
('PV002000', '-', 'Jajang', 'Gg. Bambu Kuning III Jl. Perum GPM blkng Gas LPG Hp. 081345486633', '', 'KD C', '', 'K 2 / RK', 'Aktif', 1),
('PV002001', '-', 'Hermanto Payapo', 'Perum Senggarang Permai Blok K No. 12', '', 'KD B', '', 'K 2', 'Aktif', 1),
('PV002002', '-', 'Dayan', 'Jl. Raya KM 15 samping gerbang BAR deretan warung Pak Sarif Hp. 081277397366', '', 'KD A 1', '', 'K 1', 'Aktif', 1),
('PV002003', '-', 'Irma Sofiana Sinaga', 'Perum Senggarang Permai Blok U No. 13', '', 'KD B', '', 'K 2 / RK', 'Aktif', 1),
('PV002004', '-', 'Tya Aprianty Sary ( Kedai Kopi Batman )', 'Perum Senggarang Permai Blok T No. 16 Hp. 085766135211', '', 'KD B', '', 'K 2 / RK', 'Putus', 1),
('PV002005', '-', 'Boy Deva Silano', 'Perum Bumi Air Raja Blok F No. 30 Hp. 081281333159', '', 'KD A', '', 'K 1', 'Aktif', 1),
('PV002006', '-', 'Imam Hanafi', 'Perum Senggarang Permai Blok B 1 No. 11 ', '', 'KD B', '', 'K 2', 'Aktif', 1),
('PV002007', '-', 'Ria Nofrianti', 'Perum Bumi Air Raja Blok F No. 255 ( samping Bu Bidan )', '', 'KD A', '', 'K 1', 'Aktif', 1),
('PV002008', '-', 'Noveriwan Tommy', 'Perum Bumi Air Raja Blok G No. 265 B', '', 'KD A', '', 'K 1', 'Aktif', 1),
('PV002009', '-', 'Sukirno', 'Kp. Air Bukit Perum Pinang Village No. 10 RT. 05 / RW. 02 ( bwh Mushola ) Hp. 085263403433', '', 'KD A 1', '', 'K 1', 'Aktif', 1),
('PV002010', '-', 'Sukarni', 'Kp. Air Bukit Perum Pinang Village No.        RT. 05 / RW. 02 Hp. 081364528678', '', 'KD A 1', '', 'K 1', 'Aktif', 1),
('PV002011', '-', 'Doni', 'Perum Graha Indomulya Korem Blok A No. 11', '', 'KD G 1', '', 'K 2', 'Aktif', 1),
('PV002012', '-', 'Muhammad Ali Siregar', 'Perum Graha Indomulya Korem Blok D No. 01 Hp. 085264662112', '', 'KD G 1', '', 'K 2', 'Aktif', 1),
('PV002013', '-', 'Moh. Taufik Hidayat', 'Perum Bumi Air Raja Blok B No. 41', '', 'KD A', '', 'K 1', 'Aktif', 1),
('PV002014', '-', 'Subari', 'KM 16 Kp. Simpangan sebelah Pak RT Safii ( jaringan ujung ) Hp. 081275812987', '', 'KD G', '', 'K 2', 'Aktif', 1),
('PV002015', '-', 'Raden Awam Adiwijaya', 'Perum Senggarang Permai Blok U No. 07 Hp. 081364771974 / 081393684629', '', 'KD B', '', 'K 2', 'Aktif', 1),
('PV002016', '-', 'Harna', 'Komp. Perum KM 16 ( eks rumah Acok )', '', 'KD C', '', 'K 2', 'Pindah', 1),
('PV002017', '-', 'Rozaq Pambayun', 'Perum Senggarang Permai Blok B No. 38 Hp. 082268572697', '', 'KD B', '', 'K 2', 'Aktif', 1),
('PV002018', '-', 'Dewi', 'Kp. Banjar Bawean blkng Sop Jenggot dpn Yahya Gg. Bawean 7 Hp. 081364957378', '', 'KD E', '', 'K 2', 'Aktif', 1),
('PV002019', '-', 'Muhammad Rahmat', 'Perum Bumi Air Raja Blok C No. 160 Hp. 081374237890', '', 'KD A', '', 'K 1 / RK', 'Aktif', 1),
('PV002020', '-', 'Kasminah', 'Perum Cristal Villa Blok B No. 01 Hp. 08126135780', '', 'KD A 1', '', 'K 1', 'Aktif', 1),
('PV002021', '-', 'Noorfaizah / Muhlisin', 'Jl. Ganet PLTD Air Raja dpn warung Pak PAisal ( ruko 4 pintu No. 01 ) Hp. 081270361083', '', 'KD H', '', 'K 2 ', 'Aktif', 1),
('PV002022', '-', 'Toni', 'Kp. Banjar Gg, Bawean blkng rmh Pak RW ( sop jenggot ) Hp. 081374048312', '', 'KD E', '', 'K 2', 'Aktif', 1),
('PV002023', '-', 'Nofri Yanti', 'Perum Bumi Air Raja Blok D No. 80 ( samping Helmizan )', '', 'KD A', '', 'K 1 / RK', 'Aktif', 1),
('PV002024', '-', 'Afrianto', 'Perum DLiving Salsabila Blok A No. 06 ( Keibun ) Hp. 082177950499', '', 'KD G', '', 'K 2', 'Aktif', 1),
('PV002025', '-', 'Lusiana', 'Perum Green Pesona Mutiara Blok E No. 05 Hp. 085350003573', '', 'KD I', '', 'K 2', 'Aktif', 1),
('PV002026', '-', 'Salmin', 'Perum Bumi Air Raja Blok F No. 231 Hp. 0812760120', '', 'KD A', '', 'K 1', 'Aktif', 1),
('PV002027', '-', 'Sugiyono', 'Perum Salsabilah Blok C No. 13 Hp. 085363722750', '', 'KD G', '', 'K 2', 'Aktif', 1),
('PV002028', '-', 'Dewi Sri Wahyuni', 'Perum Bumi Air Raja Blok A No. 31 Hp. 081277837800', '', 'KD A', '', 'K 1', 'Aktif', 1),
('PV002029', '-', 'Wina Wati', 'Perum Green Pesona Mutiara Blok D No. 1 Hp. 082173076272', '', 'KD I', '', 'K 2', 'Putus Sementara', 1),
('PV002030', '-', 'Tri Wahyuni', 'Perum Bumi Air Raja Blok C No. 151 Hp. 081318813464', '', 'KD A', '', 'K 1', 'Aktif', 1),
('PV002031', '-', 'Anroni', 'Perum Senggarang Permai Blok A No. 14 Hp. 085264036546', '', 'KD B', '', 'K 2', 'Aktif', 1),
('PV002032', '-', 'Zuliani Manurung', 'Perum Cristal Village Blok A No. 03 Hp. 082385769787', '', 'KD A 1', '', 'K 1', 'Aktif', 1),
('PV002033', '-', 'Vadillah Husin', 'Jl. Bambu Kuning III blkng kontrakan kwn Teguh', '', 'KD C', '', 'K 2', 'Aktif', 1),
('PV002034', '-', 'Muhammad Faisal Arif', 'Perum Puri Kencana Blok D 1 No. 08 Hp. 081275956399', '', 'KD F', '', 'K 2', 'Aktif', 1),
('PV002035', '-', 'Jamilah', 'Perum Bumi Air Raja Blok C No. 154 Hp. 085314259914', '', 'KD A', '', 'K 1 / RK', 'Aktif', 1),
('PV002036', '-', 'Juma i', 'Perum Bumi Air Raja Blok A No. 141 A', '', 'KD A', '', 'K 1 / RK', 'Aktif', 1),
('PV002037', '-', 'Puspita Sari Siregar', 'Jl. Raya Tg. Uban KM 16 Jl. Mesjid Gg. Toko sepatu Perum Acok No. 03 ', '', 'KD C', '', 'K 2 / RK', 'Aktif', 1),
('PV002038', '-', 'Andhika Pradana Utama', 'Perum Bumi Air Raja Blok F No. 33 Hp. 082389938913 / 08127537420', '', 'KD A', '', 'K 1', 'Aktif', 1),
('PV002039', '-', 'Muhamad Sayuti', 'Perum Bumi Air Raja Blok A No. 137', '', 'KD A', '', 'K 1 / RK', 'Aktif', 1),
('PV002040', '-', 'Yulia Susanti', 'Perum Bumi Air Raja Blok C No. 214 ( samping Dedi )', '', 'KD A', '', 'K 1 / RK', 'Aktif', 1),
('PV002041', '-', 'Sri Wahyuti', 'Perum Bumi Air Raja Blok C No. 211', '', 'KD A', '', 'K 1', 'Aktif', 1),
('PV002042', '-', 'Rispon Hutahaean', 'Perum Bumi Air Raja Blok G No. 266 Hp. 081276307460', '', 'KD A', '', 'K 1', 'Aktif', 1),
('PV002043', '-', 'Adi YAnto', 'Perum Senggarang Lestari Permai Blok D No. 05 Hp. 081364181839', '', 'KD B 1', '', 'K 2', 'Aktif', 1),
('PV002044', '-', 'Ruli Efendi Hasibuan', 'Perum Bumi Air Raja Blok F No. 267', '', 'KD A', '', 'K 1 / RK', 'Aktif', 1),
('PV002045', '-', 'Esrawati', 'Perum Puri Kencana Blok E No. 06', '', 'KD F', '', 'K 2', 'Pindah', 1),
('PV002046', '-', 'Lilis Indriani', 'Perum Senggarang Permai Blok O No. 01 ( kontrakan 2 pintu )', '', 'KD B', '', 'K 2 / RK', 'Aktif', 1),
('PV002047', '-', 'Yanto Selamat Paruntungan', 'Perum Bumi Air Raja Blok G No. 203 Hp. 085386355674', '', 'KD A', '', 'K 1', 'Aktif', 1),
('PV002048', '-', 'Valen', 'Perum Bumi Air Raja Blok C No. 91', '', 'KD A', '', 'K 1 / RK', 'Aktif', 1),
('PV002049', '-', 'Kontrakan Pak Yuni (                     )', 'Perum Graha Indomulya Korem Blok G No.          Hp. 081378798589', '', 'KD G 1', '', 'K 2 / RK', 'Aktif', 1),
('PV002050', '-', 'Basok Pallawa Gau', 'Komp. Perum KM 16 ( kontrakan 7 pintu ) dpn Yono Hp. 081270133073', '', 'KD C', '', 'K 2', 'Aktif', 1),
('PV002051', '-', 'Ela Wardana', 'Perum Bumi Air Raja Blok F No. 15 Hp. 081270344569', '', 'KD A', '', 'K 1 ', 'Aktif', 1),
('PV002052', '-', 'Henri Hutagalung', 'Perum Bumi Air Raja Blok G No. 244 Hp. 081372258261', '', 'KD A', '', 'K 1', 'Aktif', 1),
('PV002053', '-', 'Riau Untoro', 'Perum Bumi Air Raja Blok F No. 14', '', 'KD A', '', 'K 1', 'Aktif', 1),
('PV002054', '-', 'Syahrizal', 'Perum Salsabila Blok C No. 10 Keibun Kp. Simpangan dpn warung Hp. 085376101010', '', 'KD G', '', 'K 2', 'Aktif', 1),
('PV002055', '-', 'Ginanjar Pratama', 'Perum Bumi Air Raja Blok G No. 261 Hp. 085693216760', '', 'KD A', '', 'K 1 / RK', 'Aktif', 1),
('PV002056', '-', 'Yeppy', 'Perum Kenangan Jaya IV Blok C No. 1 Hp. 081267964250', '', 'KD D', '', 'K 2 / RK', 'Aktif', 1),
('PV002057', '-', 'Sishendra', 'Perum Senggarang Permai Blok F No. 04 Hp. 085263261818', '', 'KD B', '', 'K 2 / RK', 'Aktif', 1),
('PV002058', '-', 'Mario', 'Perum Village Cristal No.       dpn Surau', '', 'KD A 1', '', 'K 2 / RK', 'Aktif', 1),
('PV002059', '-', 'Rudi', 'Perum Bumi Air Raja Blok G No. 246 Hp. 085264498225', '', 'KD A', '', 'K 1 ', 'Aktif', 1),
('PV002060', '-', 'Darwis', 'Perum Kenangan Jaya IV Blok C No. 03 Hp. 085355784348', '', 'KD D', '', 'K 2 ', 'Aktif', 1),
('PV002061', '-', 'Pak Antok', 'Perum Bumi Air Raja Blok C No. 139 Hp. 0812767334', '', 'KD A', '', 'K 1', 'Aktif', 1),
('PV002062', '-', 'Suyatmi / Mimi', 'KM 15 arah Tg. Uban dpn Kantor Lurah Pinang Kencana ( Kedai warna pink ) Hp. 082169804649', '', 'KD B', '', 'K 2', 'Aktif', 1),
('PV002063', '-', 'Muhammad Thamrin', 'Perum Graha Indomulya Korem Blok F No. 05 Hp. 081376972209', '', 'KD G 1', '', 'K 2', 'Aktif', 1),
('PV002064', '-', 'Prayitno', 'Perum Puri Surya Mas Blok B No. 01 ( blkng Mesjid ) Hp. 0815374492010', '', 'KD H 1', '', 'K 2', 'Aktif', 1),
('PV002065', '-', 'Santiana', 'Perum Senggarang Permai Blok B 1 No. 8 Hp. 081267310077', '', 'KD B', '', 'K 2 / RK', 'Aktif', 1),
('PV002066', '-', 'Eni Marini', 'Perum Senggarang Permai Blok A No. 9 Hp. 0811692266', '', 'KD B', '', 'K 2 / RK', 'Aktif', 1),
('PV002067', '-', 'Junaidi', 'belakang Blok K Perum Puri Amanah  seberang parit Hp. 085355781497', '', 'KD G 2', '', 'K 2', 'Aktif', 1),
('PV002068', '-', 'Nasrun', 'belakang Blok K Perum Puri Amanah seberang parit Hp. 082285303880', '', 'KD G 2', '', 'K 2', 'Aktif', 1),
('PV002069', '-', 'Soenaryo', 'Komp. Perum KM 16 lapangan bola belakang Sugeng', '', 'KD C', '', 'K 2', 'Aktif', 1),
('PV002070', '-', 'Savinda Rutari', 'Perum Kenangan Jaya IV Blok E No. 4', '', 'KD D', '', 'K 2 / RK', 'Aktif', 1),
('PV002071', '-', 'Mija Apriliany', 'Perum Green Pesona Mutiara Blok H No. 08 Hp. 081275802003', '', 'KD I', '', 'K 2', 'Aktif', 1),
('PV002072', '-', 'Sri Haryani', 'Perum Green Pesona Mutiara Blok H No. 02 Hp. 085264030503', '', 'KD I', '', 'K 2', 'Aktif', 1),
('PV002073', '-', 'Tina', 'Perum Green Pesona Mutiara Blok B No. 03 Hp. 085361813322', '', 'KD I', '', 'K 2', 'Aktif', 1),
('PV002074', '-', 'Ninim Pujiati', 'Perum Green Pesona Mutiara Blok I No. 01 Hp. 082173867570', '', 'KD I', '', 'K 2', 'Aktif', 1),
('PV002075', '-', 'Subroto', 'Perum Green Pesona Mutiara Blok H No. 11 Hp. ', '', 'KD I', '', 'K 2', 'Aktif', 1),
('PV002076', '-', 'Eli', 'Perum Village Kristal Blok C No. 23 Hp. 085278787991', '', 'KD A 1', '', 'K 1', 'Aktif', 2),
('PV002077', '-', 'Antos Roni', 'Perum Bumi Air Raja Blok C No. 282 Hp. 081221021123', '', 'KD A', '', 'K 1', 'Aktif', 1),
('PV002078', '-', 'Arian Nardo', 'Perum Green Pesona Mutiara Blok E No. 08', '', 'KD I', '', 'K 2', 'Aktif', 1),
('PV002079', '-', 'Deni Irawan', 'Perum Kenangan Jaya IV Blok D No. 05', '', 'KD D', '', 'K 2 / RK', 'Aktif', 1),
('PV002080', '-', 'Febrian', 'Perum Puri Amanah Blok K No. 06 Hp. 081261138935', '', 'KD G 2', '', 'K 2', 'Aktif', 1),
('PV002081', '-', 'Masjono', 'Perum Bumi Air Raja Blok F No. 188 Hp. 082285370750', '', 'KD A', '', 'K 1', 'Aktif', 1),
('PV002082', '-', 'Prengki', 'Perum Bumi Air Raja Blok F No. 37 Hp. 085206010444', '', 'KD A', '', 'K 1', 'Aktif', 1),
('PV002083', '-', 'Sampe Simanullang', 'Jl. Raya KM 15 dpn Kantor Lurah samping Pak Sinu Hp. 081270040666', '', 'KD B', '', 'K 2', 'Aktif', 1),
('PV002084', '-', 'Imran', 'Perum Puri Kencana Blok F No. 01 ', '', 'KD F', '', 'K 2', 'Aktif', 1),
('PV002085', '-', 'Ryna TAmbunan', 'Perum Bumi Air Raja Blok C No. 87', '', 'KD A', '', 'K 1', 'Aktif', 1),
('PV002086', '-', 'Muhammad Nazir', 'Perum Bumi Air Raja Blok G No. 204 Hp. 081267370662', '', 'KD A', '', 'K 1', 'Aktif', 1),
('PV002087', '-', 'Purwo Handoko', 'Perum Bumi Air Raja Blok G No. 108 Hp. 081266331616', '', 'KD A', '', 'K 1', 'Aktif', 1),
('PV002088', '-', 'Nurazelin', 'Perum Senggarang Permai Blok P No. 11 ', '', 'KD B', '', 'K 2 / RK', 'Aktif', 1),
('PV002089', '-', 'Hanapi Idham', 'Perum Bumi Air Raja Blok C No. 147 Hp. 082384054850', '', 'KD A', '', 'K 1', 'Aktif', 1),
('PV002090', '-', 'Maman Sulistio', 'Komp. Perum KM 16 samping Aling ( Mantan RT Aca )', '', 'KD C', '', 'K 2', 'Aktif', 1),
('PV002091', '-', 'Sutini', 'Komp. Perum KM 16 dpn Pak Kades Hp. 081275819557', '', 'KD C', '', 'K 2', 'Aktif', 1),
('PV002092', '-', 'Sugeng Handayani', 'Komp. Perum KM 16 samping Norman / Yono', '', 'KD C', '', 'K 2', 'Aktif', 1),
('PV002093', '-', 'Yadi', 'Perum Senggarang Permai Blok K No. 01 Hp. 081261217202', '', 'KD B', '', 'K 2', 'Aktif', 1),
('PV002094', '-', 'JAntoro Siregar', 'Perum Bumi Air Raja Blok G No. 157', '', 'KD A', '', 'K 1 / RK', 'Aktif', 1),
('PV002095', '-', 'Jaka Prasetia', 'Perum Bumi Air Raja Blok G No. 233', '', 'KD A', '', 'K 1', 'Aktif', 1),
('PV002096', '-', 'Togi Ardy Marbun', 'Perum Green Pesona Mutiara Blok D No. 14 Hp. 081270076526', '', 'KD I', '', 'K 2', 'Aktif', 1),
('PV002097', '-', 'Iswandi', 'Perum Bumi Air Raja Blok C No. 185 A', '', 'KD A', '', 'K 1', 'Aktif', 1),
('PV002098', '-', 'Sugianton Simbolon', 'Perum Bumi Air Raja Blok G No. 273 Hp. 082174788562', '', 'KD A', '', 'K 1 / RK', 'Aktif', 1),
('PV002099', '-', 'Dalsa', 'Perum Bumi Air Raja Blok D No. 07', '', 'KD A', '', 'K 1', 'Aktif', 1),
('PV002100', '-', 'Mansur', 'Perum Puri Kencana Blok D No. 21 Hp. 082173111624', '', 'KD F', '', 'K 2 / RK', 'Aktif', 1),
('PV002101', '-', 'HAbibi', 'Perum Green Pesona Mutiara Blok D No. 13 Hp. 085272228518', '', 'KD I', '', 'K 2', 'Aktif', 1),
('PV002102', '-', 'Fitri', 'Perum Green Pesona Mutiara Blok F No. 10 Hp. 082386894477', '', 'KD I', '', 'K 2', 'Aktif', 1),
('PV002103', '-', 'Pardamaian', 'Perum Green Pesona Mutiara Blok F No. 08 Hp. 081378393046', '', 'KD I', '', 'K 2', 'Aktif', 1),
('PV002104', '-', 'Deni', 'Perum Salsabila Kp. Simpangan Keibun sebelah knn No. 01 Hp. 085264713466', '', 'KD G', '', 'K 2', 'Aktif', 1),
('PV002105', '-', 'Dadak R.', 'Perum Bumi Air Raja Blok G No. 223 Hp. 082283330070', '', 'KD A', '', 'K 1', 'Aktif', 1),
('PV002106', '-', 'Imrani', 'Perum Senggarang Permai Blok A No. 8', '', 'KD B', '', 'K 2', 'Aktif', 1),
('PV002107', '-', 'Tio Guang An', 'Jl. Raya KM 14 Gudang Node  / Gudang Sofa Hp. 082164678000', '', 'KD B', '', 'K 2', 'Aktif', 1),
('PV002108', '-', 'Yuliana Kwasiling', 'Perum Bumi Air Raja Blok A No. 140', '', 'KD A', '', 'K 1', 'Aktif', 1),
('PV002109', '-', 'NinA', 'Perum Puri Surya Mas Blok F No. 10 dpn Vihara KM 14 Hp. 082174681863', '', 'KD H 1', '', 'K 2', 'Aktif', 1),
('PV002110', '-', 'Ato Kartobi', 'Perum Cristal Village Blok C No. 04', '', 'KD A 1', '', 'K 1 ', 'Aktif', 1),
('PV002111', '-', 'Emil Salim', 'Perum Graha Indomulya Korem Blok D No. 11 Gg. Sangkapura Hp. 085264029944', '', 'KD G 1', '', 'K 2', 'Aktif', 1),
('PV002112', '-', 'Aslina', 'Kp. Banjar Gg. Bawean Blkng Sop Jenggot blkng RW ( ujung pemakaman cina )', '', 'KD E', '', 'K 2', 'Aktif', 1),
('PV002113', '-', 'Hartati / Ibu Jamu', 'Jl. Green Pesona Mutiara Gg. Bambu Kuning 2 ( sebelah kanan travo PLN )', '', 'KD C', '', 'K 2', 'Aktif', 1),
('PV002114', '-', 'Siti Maysyaroh', 'Perum Puri Amanah Blok D No. 01 Hp. 085274214541', '', 'KD G 2', '', 'K 2', 'Aktif', 1),
('PV002115', '-', 'Ade Afrizal', 'Perum Green Pesona Mutiara Blok F No. 09 Hp. 085264034718', '', 'KD I', '', 'K 2', 'Aktif', 1),
('PV002116', '-', 'Debby Redia Hutagaol', 'Perum Bumi Air Raja Blok F No. 36 Hp. 085263435333', '', 'KD A', '', 'K 1', 'Aktif', 1),
('PV002117', '-', 'Siti Juliah Sawaliana', 'Perum Senggarang Permai Blok U No. 27', '', 'KD B', '', 'K 2 / RK', 'Aktif', 1),
('PV002118', '-', 'Bayu', 'Perum Puri Amanah Blok A No. 07 Hp. 082386490002', '', 'KD G 2', '', 'K 2', 'Aktif', 1),
('PV002119', '-', 'La Ode Kamaruddin', 'Perum Bumi Air Raja Blok F No. 86 Hp. 085264250554', '', 'KD A', '', 'K 1 ', 'Aktif', 1),
('PV002120', '-', 'Zedi Kurniadi', 'Perum Bumi Air Raja Blok F No. 239 Hp. 085272418101', '', 'KD A', '', 'K 1', 'Aktif', 1),
('PV002121', '-', 'Angga', 'Perum Senggarang Permai Blok M No. 9', '', 'KD B', '', 'K 2 ', 'Aktif', 1),
('PV002122', '-', 'Reza', 'Perum Puri Amanah Blok C No. 01', '', 'KD G 2', '', 'K 2', 'Aktif', 1),
('PV002123', '-', 'Dami', 'Perum Crystal Village Blok C No. 03 Hp. 081268909556', '', 'KD A 1', '', 'K 1', 'Aktif', 1),
('PV002124', '-', 'Erman', 'Jl. Perum Korem KM 15 dpn Tugu Kerli warung pinggir jalan Hp. 081270240672', '', 'KD G 1', '', 'K 2', 'Aktif', 1),
('PV002125', '-', 'Budi Sutrisna', 'Perum Bumi Air Raja Blok A No. 152', '', 'KD A', '', 'K 1', 'Aktif', 1),
('PV002126', '-', 'Zulfikri Syahputra', 'Perum Bumi Air Raja Blok G No. 266 A', '', 'KD A', '', 'K 1', 'Aktif', 1),
('PV002127', '-', 'Sandy Toko Sayur', 'KM 16 deretan ruko Notaris Anggie No.       sebelah kanan Hp. 081276931944', '', 'KD C', '', 'K 2', 'Aktif', 1),
('PV002128', '-', 'Suryani', 'Perum Senggarang Lestari Permai Blok C No. 10 Hp. 08126130536', '', 'KD B 1', '', 'K 2', 'Aktif', 1),
('PV002129', '-', 'Mardius', 'Jl. Raya Tg. Uban KM 14 deretan Suroso ( warung potong ayam )', '', 'KD B', '', 'K 2', 'Aktif', 1),
('PV002130', '-', 'Agusri', 'Perum Bumi Air Raja Blok G No. 245 Hp. 081270251484', '', 'KD A', '', 'K 1', 'Aktif', 1),
('PV002131', '-', 'Surya', 'Perum Senggarang Permai Blok A No. 25 Hp. 085355783020', '', 'KD B', '', 'K 2', 'Aktif', 1),
('PV002132', '-', 'Aris Rianto', 'Perum Kenangan Jaya IV Blok E No. 01 ( belakang Kantor Lurah ) Hp. 081536565818', '', 'KD D', '', 'K 2', 'Aktif', 1),
('PV002133', '-', 'DFDF', 'SDFDSF', NULL, 'KD A', '08989747242', 'K 1', 'AKTIF', 1),
('PV002134', '-', 'DSFDSF', 'DSFDSF', 'bumi air raja', 'KD A', '08989747242', 'K 2', 'AKTIF', 3),
('PV002135', '-', 'AAA', 'AA', NULL, 'KD D', '08989747242', 'K 2', 'AKTIF', 2),
('PV002136', '-', 'xxx', 'asdasd', NULL, 'KD A', '08989747242', 'K 1', 'AKTIF', 1),
('PV002137', '435435', 'fgfdg', 'fdgfdg', NULL, 'KD A', '345', 'K 1', 'AKTIF', 1),
('PV002138', '-', 'ch', 'asdsad', NULL, 'KD A', '+62', 'K 1', 'AKTIF', 1),
('PV002139', '-', 'sadz', 'sdsd', NULL, 'KD A', '08989747242', 'K 1', 'AKTIF', 1);

-- --------------------------------------------------------

--
-- Struktur dari tabel `tmst_pembayaran`
--

CREATE TABLE `tmst_pembayaran` (
  `jenis_pelanggan` int(11) NOT NULL,
  `iuran` int(11) NOT NULL,
  `keterangan` varchar(40) NOT NULL
) ENGINE=InnoDB DEFAULT CHARSET=latin1;

--
-- Dumping data untuk tabel `tmst_pembayaran`
--

INSERT INTO `tmst_pembayaran` (`jenis_pelanggan`, `iuran`, `keterangan`) VALUES
(1, 60000, 'NON-PARALEL'),
(2, 71000, 'PARALEL 2TV'),
(3, 82000, 'PARALEL 3 TV'),
(4, 93000, 'PARALEL 4 TV'),
(5, 104000, 'PARALEL 5TV');

-- --------------------------------------------------------

--
-- Struktur dari tabel `tmst_teknisi`
--

CREATE TABLE `tmst_teknisi` (
  `id_teknisi` int(11) NOT NULL,
  `teknisi` varchar(30) NOT NULL
) ENGINE=InnoDB DEFAULT CHARSET=latin1;

--
-- Dumping data untuk tabel `tmst_teknisi`
--

INSERT INTO `tmst_teknisi` (`id_teknisi`, `teknisi`) VALUES
(1, 'teknisi');

-- --------------------------------------------------------

--
-- Struktur dari tabel `tran_mutasi`
--

CREATE TABLE `tran_mutasi` (
  `id` int(11) NOT NULL,
  `no_registrasi` varchar(8) NOT NULL,
  `tanggal_mutasi` date NOT NULL,
  `alamat_mutasi` text NOT NULL,
  `id_teknisi` int(11) NOT NULL
) ENGINE=InnoDB DEFAULT CHARSET=latin1;

--
-- Dumping data untuk tabel `tran_mutasi`
--

INSERT INTO `tran_mutasi` (`id`, `no_registrasi`, `tanggal_mutasi`, `alamat_mutasi`, `id_teknisi`) VALUES
(1, 'PV002134', '2019-05-01', 'bumi air raja', 1);

-- --------------------------------------------------------

--
-- Struktur dari tabel `tran_pelanggan`
--

CREATE TABLE `tran_pelanggan` (
  `id` int(11) NOT NULL,
  `no_registrasi` varchar(8) NOT NULL,
  `tanggal_daftar` date NOT NULL,
  `id_teknisi` int(11) NOT NULL,
  `id_marketing` int(11) NOT NULL,
  `jenis_pemasangan` enum('non-paralel','paralel') NOT NULL
) ENGINE=InnoDB DEFAULT CHARSET=latin1;

--
-- Dumping data untuk tabel `tran_pelanggan`
--

INSERT INTO `tran_pelanggan` (`id`, `no_registrasi`, `tanggal_daftar`, `id_teknisi`, `id_marketing`, `jenis_pemasangan`) VALUES
(2, 'PV002133', '2018-08-15', 1, 4, 'non-paralel'),
(3, 'PV002134', '2018-07-18', 1, 4, 'non-paralel'),
(4, 'PV002134', '2018-09-19', 1, 4, 'paralel'),
(5, 'PV002135', '2018-09-19', 1, 4, 'non-paralel'),
(6, 'PV002135', '2018-09-20', 1, 4, 'paralel'),
(7, 'PV002137', '2018-10-21', 1, 4, 'non-paralel'),
(8, 'PV002138', '2019-04-09', 1, 4, 'non-paralel'),
(9, 'PV002134', '2019-05-01', 1, 4, 'paralel'),
(10, 'PV002139', '2019-05-01', 1, 4, 'non-paralel');

-- --------------------------------------------------------

--
-- Struktur dari tabel `tran_pembayaran`
--

CREATE TABLE `tran_pembayaran` (
  `id` int(11) NOT NULL,
  `no_registrasi` varchar(8) NOT NULL,
  `tanggal_bayar` date NOT NULL,
  `bayar_bulan` date NOT NULL,
  `iuran` decimal(10,0) NOT NULL,
  `keterangan` varchar(40) DEFAULT NULL
) ENGINE=InnoDB DEFAULT CHARSET=latin1;

--
-- Dumping data untuk tabel `tran_pembayaran`
--

INSERT INTO `tran_pembayaran` (`id`, `no_registrasi`, `tanggal_bayar`, `bayar_bulan`, `iuran`, `keterangan`) VALUES
(34, 'PV002134', '2019-04-29', '2018-08-18', '71000', NULL),
(35, 'PV002134', '2019-04-29', '2018-09-18', '71000', NULL),
(36, 'PV002139', '2019-05-01', '2019-06-01', '60000', NULL);

-- --------------------------------------------------------

--
-- Struktur dari tabel `tran_pemutusan`
--

CREATE TABLE `tran_pemutusan` (
  `id_pemutusan` int(11) NOT NULL,
  `no_registrasi` varchar(11) NOT NULL,
  `tanggal_putus` date NOT NULL,
  `jenis_pemutusan` varchar(30) NOT NULL,
  `keterangan` text NOT NULL
) ENGINE=InnoDB DEFAULT CHARSET=latin1;

--
-- Dumping data untuk tabel `tran_pemutusan`
--

INSERT INTO `tran_pemutusan` (`id_pemutusan`, `no_registrasi`, `tanggal_putus`, `jenis_pemutusan`, `keterangan`) VALUES
(1, 'PV000001', '2019-05-20', 'Putus Paralel', 'pindan'),
(2, 'PV000002', '2019-05-01', 'Putus Paralel', 'qw'),
(3, 'PV000002', '2019-05-01', 'Putus Sementara', 'we');

-- --------------------------------------------------------

--
-- Struktur dari tabel `tran_status`
--

CREATE TABLE `tran_status` (
  `id` int(11) NOT NULL,
  `no_registrasi` varchar(11) NOT NULL,
  `tanggal_status` date NOT NULL,
  `status` varchar(20) NOT NULL,
  `uraian` varchar(50) NOT NULL,
  `id_teknisi` int(11) NOT NULL
) ENGINE=InnoDB DEFAULT CHARSET=latin1;

--
-- Indexes for dumped tables
--

--
-- Indeks untuk tabel `tbl_user`
--
ALTER TABLE `tbl_user`
  ADD PRIMARY KEY (`id`);

--
-- Indeks untuk tabel `tmst_daerah`
--
ALTER TABLE `tmst_daerah`
  ADD PRIMARY KEY (`kode_daerah`);

--
-- Indeks untuk tabel `tmst_kolektor`
--
ALTER TABLE `tmst_kolektor`
  ADD PRIMARY KEY (`id_kolektor`);

--
-- Indeks untuk tabel `tmst_marketing`
--
ALTER TABLE `tmst_marketing`
  ADD PRIMARY KEY (`id_marketing`);

--
-- Indeks untuk tabel `tmst_pelanggan`
--
ALTER TABLE `tmst_pelanggan`
  ADD PRIMARY KEY (`no_registrasi`),
  ADD KEY `jenis_pelanggan` (`jenis_pelanggan`),
  ADD KEY `kode_daerah` (`kode_daerah`),
  ADD KEY `id_kolektor` (`id_kolektor`);

--
-- Indeks untuk tabel `tmst_pembayaran`
--
ALTER TABLE `tmst_pembayaran`
  ADD PRIMARY KEY (`jenis_pelanggan`);

--
-- Indeks untuk tabel `tmst_teknisi`
--
ALTER TABLE `tmst_teknisi`
  ADD PRIMARY KEY (`id_teknisi`);

--
-- Indeks untuk tabel `tran_mutasi`
--
ALTER TABLE `tran_mutasi`
  ADD PRIMARY KEY (`id`),
  ADD KEY `no_registrasi` (`no_registrasi`),
  ADD KEY `id_teknisi` (`id_teknisi`);

--
-- Indeks untuk tabel `tran_pelanggan`
--
ALTER TABLE `tran_pelanggan`
  ADD PRIMARY KEY (`id`),
  ADD KEY `no_registrasi` (`no_registrasi`),
  ADD KEY `id_teknisi` (`id_teknisi`),
  ADD KEY `id_marketing` (`id_marketing`);

--
-- Indeks untuk tabel `tran_pembayaran`
--
ALTER TABLE `tran_pembayaran`
  ADD PRIMARY KEY (`id`),
  ADD KEY `no_registrasi` (`no_registrasi`);

--
-- Indeks untuk tabel `tran_pemutusan`
--
ALTER TABLE `tran_pemutusan`
  ADD PRIMARY KEY (`id_pemutusan`),
  ADD KEY `no_registrasi` (`no_registrasi`);

--
-- Indeks untuk tabel `tran_status`
--
ALTER TABLE `tran_status`
  ADD PRIMARY KEY (`id`),
  ADD KEY `id_teknisi` (`id_teknisi`),
  ADD KEY `no_registrasi` (`no_registrasi`);

--
-- AUTO_INCREMENT untuk tabel yang dibuang
--

--
-- AUTO_INCREMENT untuk tabel `tbl_user`
--
ALTER TABLE `tbl_user`
  MODIFY `id` int(11) NOT NULL AUTO_INCREMENT, AUTO_INCREMENT=2;

--
-- AUTO_INCREMENT untuk tabel `tmst_marketing`
--
ALTER TABLE `tmst_marketing`
  MODIFY `id_marketing` int(11) NOT NULL AUTO_INCREMENT, AUTO_INCREMENT=5;

--
-- AUTO_INCREMENT untuk tabel `tmst_teknisi`
--
ALTER TABLE `tmst_teknisi`
  MODIFY `id_teknisi` int(11) NOT NULL AUTO_INCREMENT, AUTO_INCREMENT=2;

--
-- AUTO_INCREMENT untuk tabel `tran_mutasi`
--
ALTER TABLE `tran_mutasi`
  MODIFY `id` int(11) NOT NULL AUTO_INCREMENT, AUTO_INCREMENT=2;

--
-- AUTO_INCREMENT untuk tabel `tran_pelanggan`
--
ALTER TABLE `tran_pelanggan`
  MODIFY `id` int(11) NOT NULL AUTO_INCREMENT, AUTO_INCREMENT=11;

--
-- AUTO_INCREMENT untuk tabel `tran_pembayaran`
--
ALTER TABLE `tran_pembayaran`
  MODIFY `id` int(11) NOT NULL AUTO_INCREMENT, AUTO_INCREMENT=37;

--
-- AUTO_INCREMENT untuk tabel `tran_pemutusan`
--
ALTER TABLE `tran_pemutusan`
  MODIFY `id_pemutusan` int(11) NOT NULL AUTO_INCREMENT, AUTO_INCREMENT=4;

--
-- AUTO_INCREMENT untuk tabel `tran_status`
--
ALTER TABLE `tran_status`
  MODIFY `id` int(11) NOT NULL AUTO_INCREMENT;

--
-- Ketidakleluasaan untuk tabel pelimpahan (Dumped Tables)
--

--
-- Ketidakleluasaan untuk tabel `tmst_pelanggan`
--
ALTER TABLE `tmst_pelanggan`
  ADD CONSTRAINT `tmst_pelanggan_ibfk_1` FOREIGN KEY (`jenis_pelanggan`) REFERENCES `tmst_pembayaran` (`jenis_pelanggan`),
  ADD CONSTRAINT `tmst_pelanggan_ibfk_3` FOREIGN KEY (`kode_daerah`) REFERENCES `tmst_daerah` (`kode_daerah`),
  ADD CONSTRAINT `tmst_pelanggan_ibfk_4` FOREIGN KEY (`id_kolektor`) REFERENCES `tmst_kolektor` (`id_kolektor`);

--
-- Ketidakleluasaan untuk tabel `tran_mutasi`
--
ALTER TABLE `tran_mutasi`
  ADD CONSTRAINT `tran_mutasi_ibfk_1` FOREIGN KEY (`no_registrasi`) REFERENCES `tmst_pelanggan` (`no_registrasi`),
  ADD CONSTRAINT `tran_mutasi_ibfk_2` FOREIGN KEY (`id_teknisi`) REFERENCES `tmst_teknisi` (`id_teknisi`);

--
-- Ketidakleluasaan untuk tabel `tran_pelanggan`
--
ALTER TABLE `tran_pelanggan`
  ADD CONSTRAINT `tran_pelanggan_ibfk_1` FOREIGN KEY (`no_registrasi`) REFERENCES `tmst_pelanggan` (`no_registrasi`),
  ADD CONSTRAINT `tran_pelanggan_ibfk_2` FOREIGN KEY (`id_teknisi`) REFERENCES `tmst_teknisi` (`id_teknisi`),
  ADD CONSTRAINT `tran_pelanggan_ibfk_3` FOREIGN KEY (`id_marketing`) REFERENCES `tmst_marketing` (`id_marketing`);

--
-- Ketidakleluasaan untuk tabel `tran_pembayaran`
--
ALTER TABLE `tran_pembayaran`
  ADD CONSTRAINT `tran_pembayaran_ibfk_1` FOREIGN KEY (`no_registrasi`) REFERENCES `tmst_pelanggan` (`no_registrasi`);

--
-- Ketidakleluasaan untuk tabel `tran_pemutusan`
--
ALTER TABLE `tran_pemutusan`
  ADD CONSTRAINT `tran_pemutusan_ibfk_1` FOREIGN KEY (`no_registrasi`) REFERENCES `tmst_pelanggan` (`no_registrasi`);

--
-- Ketidakleluasaan untuk tabel `tran_status`
--
ALTER TABLE `tran_status`
  ADD CONSTRAINT `tran_status_ibfk_1` FOREIGN KEY (`no_registrasi`) REFERENCES `tmst_pelanggan` (`no_registrasi`),
  ADD CONSTRAINT `tran_status_ibfk_2` FOREIGN KEY (`id_teknisi`) REFERENCES `tmst_teknisi` (`id_teknisi`);
COMMIT;

/*!40101 SET CHARACTER_SET_CLIENT=@OLD_CHARACTER_SET_CLIENT */;
/*!40101 SET CHARACTER_SET_RESULTS=@OLD_CHARACTER_SET_RESULTS */;
/*!40101 SET COLLATION_CONNECTION=@OLD_COLLATION_CONNECTION */;
